Date/Time,Power Delivered (W)
03/25/2023 12:05 AM EDT,0
03/25/2023 12:10 AM EDT,0
03/25/2023 12:15 AM EDT,0
03/25/2023 12:20 AM EDT,0
03/25/2023 12:25 AM EDT,0
03/25/2023 12:30 AM EDT,0
03/25/2023 12:35 AM EDT,0
03/25/2023 12:40 AM EDT,0
03/25/2023 12:45 AM EDT,0
03/25/2023 12:50 AM EDT,0
03/25/2023 12:55 AM EDT,0
03/25/2023 01:00 AM EDT,0
03/25/2023 01:05 AM EDT,0
03/25/2023 01:10 AM EDT,0
03/25/2023 01:15 AM EDT,0
03/25/2023 01:20 AM EDT,0
03/25/2023 01:25 AM EDT,0
03/25/2023 01:30 AM EDT,0
03/25/2023 01:35 AM EDT,0
03/25/2023 01:40 AM EDT,0
03/25/2023 01:45 AM EDT,0
03/25/2023 01:50 AM EDT,0
03/25/2023 01:55 AM EDT,0
03/25/2023 02:00 AM EDT,0
03/25/2023 02:05 AM EDT,0
03/25/2023 02:10 AM EDT,0
03/25/2023 02:15 AM EDT,0
03/25/2023 02:20 AM EDT,0
03/25/2023 02:25 AM EDT,0
03/25/2023 02:30 AM EDT,0
03/25/2023 02:35 AM EDT,0
03/25/2023 02:40 AM EDT,0
03/25/2023 02:45 AM EDT,0
03/25/2023 02:50 AM EDT,0
03/25/2023 02:55 AM EDT,0
03/25/2023 03:00 AM EDT,0
03/25/2023 03:05 AM EDT,0
03/25/2023 03:10 AM EDT,0
03/25/2023 03:15 AM EDT,0
03/25/2023 03:20 AM EDT,0
03/25/2023 03:25 AM EDT,0
03/25/2023 03:30 AM EDT,0
03/25/2023 03:35 AM EDT,0
03/25/2023 03:40 AM EDT,0
03/25/2023 03:45 AM EDT,0
03/25/2023 03:50 AM EDT,0
03/25/2023 03:55 AM EDT,0
03/25/2023 04:00 AM EDT,0
03/25/2023 04:05 AM EDT,0
03/25/2023 04:10 AM EDT,0
03/25/2023 04:15 AM EDT,0
03/25/2023 04:20 AM EDT,0
03/25/2023 04:25 AM EDT,0
03/25/2023 04:30 AM EDT,0
03/25/2023 04:35 AM EDT,0
03/25/2023 04:40 AM EDT,0
03/25/2023 04:45 AM EDT,0
03/25/2023 04:50 AM EDT,0
03/25/2023 04:55 AM EDT,0
03/25/2023 05:00 AM EDT,0
03/25/2023 05:05 AM EDT,0
03/25/2023 05:10 AM EDT,0
03/25/2023 05:15 AM EDT,0
03/25/2023 05:20 AM EDT,0
03/25/2023 05:25 AM EDT,0
03/25/2023 05:30 AM EDT,0
03/25/2023 05:35 AM EDT,0
03/25/2023 05:40 AM EDT,0
03/25/2023 05:45 AM EDT,0
03/25/2023 05:50 AM EDT,0
03/25/2023 05:55 AM EDT,0
03/25/2023 06:00 AM EDT,0
03/25/2023 06:05 AM EDT,0
03/25/2023 06:10 AM EDT,0
03/25/2023 06:15 AM EDT,0
03/25/2023 06:20 AM EDT,0
03/25/2023 06:25 AM EDT,0
03/25/2023 06:30 AM EDT,0
03/25/2023 06:35 AM EDT,0
03/25/2023 06:40 AM EDT,0
03/25/2023 06:45 AM EDT,0
03/25/2023 06:50 AM EDT,0
03/25/2023 06:55 AM EDT,0
03/25/2023 07:00 AM EDT,0
03/25/2023 07:05 AM EDT,0
03/25/2023 07:10 AM EDT,0
03/25/2023 07:15 AM EDT,0
03/25/2023 07:20 AM EDT,0
03/25/2023 07:25 AM EDT,0
03/25/2023 07:30 AM EDT,0
03/25/2023 07:35 AM EDT,0
03/25/2023 07:40 AM EDT,12
03/25/2023 07:45 AM EDT,36
03/25/2023 07:50 AM EDT,84
03/25/2023 07:55 AM EDT,96
03/25/2023 08:00 AM EDT,108
03/25/2023 08:05 AM EDT,132
03/25/2023 08:10 AM EDT,132
03/25/2023 08:15 AM EDT,156
03/25/2023 08:20 AM EDT,192
03/25/2023 08:25 AM EDT,204
03/25/2023 08:30 AM EDT,252
03/25/2023 08:35 AM EDT,468
03/25/2023 08:40 AM EDT,492
03/25/2023 08:45 AM EDT,864
03/25/2023 08:50 AM EDT,264
03/25/2023 08:55 AM EDT,144
03/25/2023 09:00 AM EDT,144
03/25/2023 09:05 AM EDT,60
03/25/2023 09:10 AM EDT,36
03/25/2023 09:15 AM EDT,120
03/25/2023 09:20 AM EDT,168
03/25/2023 09:25 AM EDT,132
03/25/2023 09:30 AM EDT,108
03/25/2023 09:35 AM EDT,48
03/25/2023 09:40 AM EDT,24
03/25/2023 09:45 AM EDT,204
03/25/2023 09:50 AM EDT,432
03/25/2023 09:55 AM EDT,324
03/25/2023 10:00 AM EDT,216
03/25/2023 10:05 AM EDT,240
03/25/2023 10:10 AM EDT,576
03/25/2023 10:15 AM EDT,"1,176"
03/25/2023 10:20 AM EDT,"1,500"
03/25/2023 10:25 AM EDT,"1,116"
03/25/2023 10:30 AM EDT,876
03/25/2023 10:35 AM EDT,600
03/25/2023 10:40 AM EDT,"1,152"
03/25/2023 10:45 AM EDT,"1,440"
03/25/2023 10:50 AM EDT,"1,680"
03/25/2023 10:55 AM EDT,"1,920"
03/25/2023 11:00 AM EDT,"2,424"
03/25/2023 11:05 AM EDT,"1,920"
03/25/2023 11:10 AM EDT,"2,184"
03/25/2023 11:15 AM EDT,"3,348"
03/25/2023 11:20 AM EDT,"3,744"
03/25/2023 11:25 AM EDT,"2,904"
03/25/2023 11:30 AM EDT,"1,992"
03/25/2023 11:35 AM EDT,"2,328"
03/25/2023 11:40 AM EDT,"1,008"
03/25/2023 11:45 AM EDT,600
03/25/2023 11:50 AM EDT,360
03/25/2023 11:55 AM EDT,432
03/25/2023 12:00 PM EDT,600
03/25/2023 12:05 PM EDT,"1,248"
03/25/2023 12:10 PM EDT,936
03/25/2023 12:15 PM EDT,432
03/25/2023 12:20 PM EDT,216
03/25/2023 12:25 PM EDT,312
03/25/2023 12:30 PM EDT,348
03/25/2023 12:35 PM EDT,396
03/25/2023 12:40 PM EDT,600
03/25/2023 12:45 PM EDT,"1,032"
03/25/2023 12:50 PM EDT,"1,392"
03/25/2023 12:55 PM EDT,984
03/25/2023 01:00 PM EDT,552
03/25/2023 01:05 PM EDT,336
03/25/2023 01:10 PM EDT,456
03/25/2023 01:15 PM EDT,648
03/25/2023 01:20 PM EDT,"1,008"
03/25/2023 01:25 PM EDT,864
03/25/2023 01:30 PM EDT,"1,152"
03/25/2023 01:35 PM EDT,"1,452"
03/25/2023 01:40 PM EDT,"1,860"
03/25/2023 01:45 PM EDT,"2,232"
03/25/2023 01:50 PM EDT,"1,752"
03/25/2023 01:55 PM EDT,"1,788"
03/25/2023 02:00 PM EDT,"2,088"
03/25/2023 02:05 PM EDT,"2,400"
03/25/2023 02:10 PM EDT,"2,196"
03/25/2023 02:15 PM EDT,"1,920"
03/25/2023 02:20 PM EDT,"2,472"
03/25/2023 02:25 PM EDT,"3,216"
03/25/2023 02:30 PM EDT,"2,796"
03/25/2023 02:35 PM EDT,"1,884"
03/25/2023 02:40 PM EDT,"1,464"
03/25/2023 02:45 PM EDT,"1,512"
03/25/2023 02:50 PM EDT,"1,500"
03/25/2023 02:55 PM EDT,"3,828"
03/25/2023 03:00 PM EDT,"4,272"
03/25/2023 03:05 PM EDT,"2,916"
03/25/2023 03:10 PM EDT,"2,904"
03/25/2023 03:15 PM EDT,"2,700"
03/25/2023 03:20 PM EDT,"4,368"
03/25/2023 03:25 PM EDT,"3,216"
03/25/2023 03:30 PM EDT,"2,124"
03/25/2023 03:35 PM EDT,"3,360"
03/25/2023 03:40 PM EDT,"2,796"
03/25/2023 03:45 PM EDT,"3,216"
03/25/2023 03:50 PM EDT,"2,448"
03/25/2023 03:55 PM EDT,"4,320"
03/25/2023 04:00 PM EDT,"4,260"
03/25/2023 04:05 PM EDT,"4,116"
03/25/2023 04:10 PM EDT,"3,456"
03/25/2023 04:15 PM EDT,"2,904"
03/25/2023 04:20 PM EDT,"2,580"
03/25/2023 04:25 PM EDT,"2,124"
03/25/2023 04:30 PM EDT,"1,656"
03/25/2023 04:35 PM EDT,"1,296"
03/25/2023 04:40 PM EDT,996
03/25/2023 04:45 PM EDT,912
03/25/2023 04:50 PM EDT,720
03/25/2023 04:55 PM EDT,504
03/25/2023 05:00 PM EDT,408
03/25/2023 05:05 PM EDT,348
03/25/2023 05:10 PM EDT,336
03/25/2023 05:15 PM EDT,396
03/25/2023 05:20 PM EDT,516
03/25/2023 05:25 PM EDT,480
03/25/2023 05:30 PM EDT,396
03/25/2023 05:35 PM EDT,324
03/25/2023 05:40 PM EDT,312
03/25/2023 05:45 PM EDT,288
03/25/2023 05:50 PM EDT,264
03/25/2023 05:55 PM EDT,240
03/25/2023 06:00 PM EDT,228
03/25/2023 06:05 PM EDT,216
03/25/2023 06:10 PM EDT,192
03/25/2023 06:15 PM EDT,192
03/25/2023 06:20 PM EDT,168
03/25/2023 06:25 PM EDT,144
03/25/2023 06:30 PM EDT,144
03/25/2023 06:35 PM EDT,120
03/25/2023 06:40 PM EDT,120
03/25/2023 06:45 PM EDT,96
03/25/2023 06:50 PM EDT,96
03/25/2023 06:55 PM EDT,72
03/25/2023 07:00 PM EDT,72
03/25/2023 07:05 PM EDT,48
03/25/2023 07:10 PM EDT,48
03/25/2023 07:15 PM EDT,12
03/25/2023 07:20 PM EDT,0
03/25/2023 07:25 PM EDT,0
03/25/2023 07:30 PM EDT,0
03/25/2023 07:35 PM EDT,0
03/25/2023 07:40 PM EDT,0
03/25/2023 07:45 PM EDT,0
03/25/2023 07:50 PM EDT,0
03/25/2023 07:55 PM EDT,0
03/25/2023 08:00 PM EDT,0
03/25/2023 08:05 PM EDT,0
03/25/2023 08:10 PM EDT,0
03/25/2023 08:15 PM EDT,0
03/25/2023 08:20 PM EDT,0
03/25/2023 08:25 PM EDT,0
03/25/2023 08:30 PM EDT,0
03/25/2023 08:35 PM EDT,0
03/25/2023 08:40 PM EDT,0
03/25/2023 08:45 PM EDT,0
03/25/2023 08:50 PM EDT,0
03/25/2023 08:55 PM EDT,0
03/25/2023 09:00 PM EDT,0
03/25/2023 09:05 PM EDT,0
03/25/2023 09:10 PM EDT,0
03/25/2023 09:15 PM EDT,0
03/25/2023 09:20 PM EDT,0
03/25/2023 09:25 PM EDT,0
03/25/2023 09:30 PM EDT,0
03/25/2023 09:35 PM EDT,0
03/25/2023 09:40 PM EDT,0
03/25/2023 09:45 PM EDT,0
03/25/2023 09:50 PM EDT,0
03/25/2023 09:55 PM EDT,0
03/25/2023 10:00 PM EDT,0
03/25/2023 10:05 PM EDT,0
03/25/2023 10:10 PM EDT,0
03/25/2023 10:15 PM EDT,0
03/25/2023 10:20 PM EDT,0
03/25/2023 10:25 PM EDT,0
03/25/2023 10:30 PM EDT,0
03/25/2023 10:35 PM EDT,0
03/25/2023 10:40 PM EDT,0
03/25/2023 10:45 PM EDT,0
03/25/2023 10:50 PM EDT,0
03/25/2023 10:55 PM EDT,0
03/25/2023 11:00 PM EDT,0
03/25/2023 11:05 PM EDT,0
03/25/2023 11:10 PM EDT,0
03/25/2023 11:15 PM EDT,0
03/25/2023 11:20 PM EDT,0
03/25/2023 11:25 PM EDT,0
03/25/2023 11:30 PM EDT,0
03/25/2023 11:35 PM EDT,0
03/25/2023 11:40 PM EDT,0
03/25/2023 11:45 PM EDT,0
03/25/2023 11:50 PM EDT,0
03/25/2023 11:55 PM EDT,0
03/26/2023 12:00 AM EDT,0
03/26/2023 12:05 AM EDT,0
03/26/2023 12:10 AM EDT,0
03/26/2023 12:15 AM EDT,0
03/26/2023 12:20 AM EDT,0
03/26/2023 12:25 AM EDT,0
03/26/2023 12:30 AM EDT,0
03/26/2023 12:35 AM EDT,0
03/26/2023 12:40 AM EDT,0
03/26/2023 12:45 AM EDT,0
03/26/2023 12:50 AM EDT,0
03/26/2023 12:55 AM EDT,0
03/26/2023 01:00 AM EDT,0
03/26/2023 01:05 AM EDT,0
03/26/2023 01:10 AM EDT,0
03/26/2023 01:15 AM EDT,0
03/26/2023 01:20 AM EDT,0
03/26/2023 01:25 AM EDT,0
03/26/2023 01:30 AM EDT,0
03/26/2023 01:35 AM EDT,0
03/26/2023 01:40 AM EDT,0
03/26/2023 01:45 AM EDT,0
03/26/2023 01:50 AM EDT,0
03/26/2023 01:55 AM EDT,0
03/26/2023 02:00 AM EDT,0
03/26/2023 02:05 AM EDT,0
03/26/2023 02:10 AM EDT,0
03/26/2023 02:15 AM EDT,0
03/26/2023 02:20 AM EDT,0
03/26/2023 02:25 AM EDT,0
03/26/2023 02:30 AM EDT,0
03/26/2023 02:35 AM EDT,0
03/26/2023 02:40 AM EDT,0
03/26/2023 02:45 AM EDT,0
03/26/2023 02:50 AM EDT,0
03/26/2023 02:55 AM EDT,0
03/26/2023 03:00 AM EDT,0
03/26/2023 03:05 AM EDT,0
03/26/2023 03:10 AM EDT,0
03/26/2023 03:15 AM EDT,0
03/26/2023 03:20 AM EDT,0
03/26/2023 03:25 AM EDT,0
03/26/2023 03:30 AM EDT,0
03/26/2023 03:35 AM EDT,0
03/26/2023 03:40 AM EDT,0
03/26/2023 03:45 AM EDT,0
03/26/2023 03:50 AM EDT,0
03/26/2023 03:55 AM EDT,0
03/26/2023 04:00 AM EDT,0
03/26/2023 04:05 AM EDT,0
03/26/2023 04:10 AM EDT,0
03/26/2023 04:15 AM EDT,0
03/26/2023 04:20 AM EDT,0
03/26/2023 04:25 AM EDT,0
03/26/2023 04:30 AM EDT,0
03/26/2023 04:35 AM EDT,0
03/26/2023 04:40 AM EDT,0
03/26/2023 04:45 AM EDT,0
03/26/2023 04:50 AM EDT,0
03/26/2023 04:55 AM EDT,0
03/26/2023 05:00 AM EDT,0
03/26/2023 05:05 AM EDT,0
03/26/2023 05:10 AM EDT,0
03/26/2023 05:15 AM EDT,0
03/26/2023 05:20 AM EDT,0
03/26/2023 05:25 AM EDT,0
03/26/2023 05:30 AM EDT,0
03/26/2023 05:35 AM EDT,0
03/26/2023 05:40 AM EDT,0
03/26/2023 05:45 AM EDT,0
03/26/2023 05:50 AM EDT,0
03/26/2023 05:55 AM EDT,0
03/26/2023 06:00 AM EDT,0
03/26/2023 06:05 AM EDT,0
03/26/2023 06:10 AM EDT,0
03/26/2023 06:15 AM EDT,0
03/26/2023 06:20 AM EDT,0
03/26/2023 06:25 AM EDT,0
03/26/2023 06:30 AM EDT,0
03/26/2023 06:35 AM EDT,0
03/26/2023 06:40 AM EDT,0
03/26/2023 06:45 AM EDT,0
03/26/2023 06:50 AM EDT,0
03/26/2023 06:55 AM EDT,0
03/26/2023 07:00 AM EDT,0
03/26/2023 07:05 AM EDT,0
03/26/2023 07:10 AM EDT,0
03/26/2023 07:15 AM EDT,0
03/26/2023 07:20 AM EDT,0
03/26/2023 07:25 AM EDT,0
03/26/2023 07:30 AM EDT,12
03/26/2023 07:35 AM EDT,48
03/26/2023 07:40 AM EDT,60
03/26/2023 07:45 AM EDT,60
03/26/2023 07:50 AM EDT,72
03/26/2023 07:55 AM EDT,96
03/26/2023 08:00 AM EDT,156
03/26/2023 08:05 AM EDT,168
03/26/2023 08:10 AM EDT,204
03/26/2023 08:15 AM EDT,240
03/26/2023 08:20 AM EDT,276
03/26/2023 08:25 AM EDT,312
03/26/2023 08:30 AM EDT,348
03/26/2023 08:35 AM EDT,444
03/26/2023 08:40 AM EDT,420
03/26/2023 08:45 AM EDT,240
03/26/2023 08:50 AM EDT,180
03/26/2023 08:55 AM EDT,456
03/26/2023 09:00 AM EDT,828
03/26/2023 09:05 AM EDT,"1,092"
03/26/2023 09:10 AM EDT,"1,992"
03/26/2023 09:15 AM EDT,"1,152"
03/26/2023 09:20 AM EDT,636
03/26/2023 09:25 AM EDT,"1,428"
03/26/2023 09:30 AM EDT,960
03/26/2023 09:35 AM EDT,696
03/26/2023 09:40 AM EDT,936
03/26/2023 09:45 AM EDT,648
03/26/2023 09:50 AM EDT,348
03/26/2023 09:55 AM EDT,300
03/26/2023 10:00 AM EDT,72
03/26/2023 10:05 AM EDT,0
03/26/2023 10:10 AM EDT,48
03/26/2023 10:15 AM EDT,120
03/26/2023 10:20 AM EDT,228
03/26/2023 10:25 AM EDT,252
03/26/2023 10:30 AM EDT,312
03/26/2023 10:35 AM EDT,648
03/26/2023 10:40 AM EDT,"1,104"
03/26/2023 10:45 AM EDT,"1,056"
03/26/2023 10:50 AM EDT,684
03/26/2023 10:55 AM EDT,"1,272"
03/26/2023 11:00 AM EDT,"1,392"
03/26/2023 11:05 AM EDT,"1,080"
03/26/2023 11:10 AM EDT,744
03/26/2023 11:15 AM EDT,804
03/26/2023 11:20 AM EDT,540
03/26/2023 11:25 AM EDT,192
03/26/2023 11:30 AM EDT,384
03/26/2023 11:35 AM EDT,528
03/26/2023 11:40 AM EDT,384
03/26/2023 11:45 AM EDT,216
03/26/2023 11:50 AM EDT,168
03/26/2023 11:55 AM EDT,432
03/26/2023 12:00 PM EDT,648
03/26/2023 12:05 PM EDT,792
03/26/2023 12:10 PM EDT,648
03/26/2023 12:15 PM EDT,"1,032"
03/26/2023 12:20 PM EDT,468
03/26/2023 12:25 PM EDT,672
03/26/2023 12:30 PM EDT,696
03/26/2023 12:35 PM EDT,540
03/26/2023 12:40 PM EDT,816
03/26/2023 12:45 PM EDT,360
03/26/2023 12:50 PM EDT,360
03/26/2023 12:55 PM EDT,288
03/26/2023 01:00 PM EDT,408
03/26/2023 01:05 PM EDT,780
03/26/2023 01:10 PM EDT,804
03/26/2023 01:15 PM EDT,648
03/26/2023 01:20 PM EDT,900
03/26/2023 01:25 PM EDT,744
03/26/2023 01:30 PM EDT,684
03/26/2023 01:35 PM EDT,492
03/26/2023 01:40 PM EDT,420
03/26/2023 01:45 PM EDT,588
03/26/2023 01:50 PM EDT,912
03/26/2023 01:55 PM EDT,"1,032"
03/26/2023 02:00 PM EDT,432
03/26/2023 02:05 PM EDT,144
03/26/2023 02:10 PM EDT,120
03/26/2023 02:15 PM EDT,72
03/26/2023 02:20 PM EDT,96
03/26/2023 02:25 PM EDT,156
03/26/2023 02:30 PM EDT,204
03/26/2023 02:35 PM EDT,192
03/26/2023 02:40 PM EDT,192
03/26/2023 02:45 PM EDT,204
03/26/2023 02:50 PM EDT,204
03/26/2023 02:55 PM EDT,204
03/26/2023 03:00 PM EDT,228
03/26/2023 03:05 PM EDT,264
03/26/2023 03:10 PM EDT,396
03/26/2023 03:15 PM EDT,780
03/26/2023 03:20 PM EDT,960
03/26/2023 03:25 PM EDT,"1,068"
03/26/2023 03:30 PM EDT,"1,272"
03/26/2023 03:35 PM EDT,"1,344"
03/26/2023 03:40 PM EDT,"1,740"
03/26/2023 03:45 PM EDT,"2,424"
03/26/2023 03:50 PM EDT,"2,208"
03/26/2023 03:55 PM EDT,"3,792"
03/26/2023 04:00 PM EDT,"2,472"
03/26/2023 04:05 PM EDT,"1,524"
03/26/2023 04:10 PM EDT,"2,208"
03/26/2023 04:15 PM EDT,"1,356"
03/26/2023 04:20 PM EDT,"1,680"
03/26/2023 04:25 PM EDT,"1,140"
03/26/2023 04:30 PM EDT,"1,020"
03/26/2023 04:35 PM EDT,"1,416"
03/26/2023 04:40 PM EDT,"1,392"
03/26/2023 04:45 PM EDT,"1,104"
03/26/2023 04:50 PM EDT,"1,368"
03/26/2023 04:55 PM EDT,960
03/26/2023 05:00 PM EDT,"1,008"
03/26/2023 05:05 PM EDT,"1,032"
03/26/2023 05:10 PM EDT,948
03/26/2023 05:15 PM EDT,"1,164"
03/26/2023 05:20 PM EDT,984
03/26/2023 05:25 PM EDT,"1,188"
03/26/2023 05:30 PM EDT,876
03/26/2023 05:35 PM EDT,576
03/26/2023 05:40 PM EDT,432
03/26/2023 05:45 PM EDT,348
03/26/2023 05:50 PM EDT,384
03/26/2023 05:55 PM EDT,312
03/26/2023 06:00 PM EDT,288
03/26/2023 06:05 PM EDT,288
03/26/2023 06:10 PM EDT,264
03/26/2023 06:15 PM EDT,240
03/26/2023 06:20 PM EDT,216
03/26/2023 06:25 PM EDT,216
03/26/2023 06:30 PM EDT,180
03/26/2023 06:35 PM EDT,156
03/26/2023 06:40 PM EDT,168
03/26/2023 06:45 PM EDT,144
03/26/2023 06:50 PM EDT,120
03/26/2023 06:55 PM EDT,120
03/26/2023 07:00 PM EDT,84
03/26/2023 07:05 PM EDT,72
03/26/2023 07:10 PM EDT,60
03/26/2023 07:15 PM EDT,24
03/26/2023 07:20 PM EDT,0
03/26/2023 07:25 PM EDT,0
03/26/2023 07:30 PM EDT,0
03/26/2023 07:35 PM EDT,0
03/26/2023 07:40 PM EDT,0
03/26/2023 07:45 PM EDT,0
03/26/2023 07:50 PM EDT,0
03/26/2023 07:55 PM EDT,0
03/26/2023 08:00 PM EDT,0
03/26/2023 08:05 PM EDT,0
03/26/2023 08:10 PM EDT,0
03/26/2023 08:15 PM EDT,0
03/26/2023 08:20 PM EDT,0
03/26/2023 08:25 PM EDT,0
03/26/2023 08:30 PM EDT,0
03/26/2023 08:35 PM EDT,0
03/26/2023 08:40 PM EDT,0
03/26/2023 08:45 PM EDT,0
03/26/2023 08:50 PM EDT,0
03/26/2023 08:55 PM EDT,0
03/26/2023 09:00 PM EDT,0
03/26/2023 09:05 PM EDT,0
03/26/2023 09:10 PM EDT,0
03/26/2023 09:15 PM EDT,0
03/26/2023 09:20 PM EDT,0
03/26/2023 09:25 PM EDT,0
03/26/2023 09:30 PM EDT,0
03/26/2023 09:35 PM EDT,0
03/26/2023 09:40 PM EDT,0
03/26/2023 09:45 PM EDT,0
03/26/2023 09:50 PM EDT,0
03/26/2023 09:55 PM EDT,0
03/26/2023 10:00 PM EDT,0
03/26/2023 10:05 PM EDT,0
03/26/2023 10:10 PM EDT,0
03/26/2023 10:15 PM EDT,0
03/26/2023 10:20 PM EDT,0
03/26/2023 10:25 PM EDT,0
03/26/2023 10:30 PM EDT,0
03/26/2023 10:35 PM EDT,0
03/26/2023 10:40 PM EDT,0
03/26/2023 10:45 PM EDT,0
03/26/2023 10:50 PM EDT,0
03/26/2023 10:55 PM EDT,0
03/26/2023 11:00 PM EDT,0
03/26/2023 11:05 PM EDT,0
03/26/2023 11:10 PM EDT,0
03/26/2023 11:15 PM EDT,0
03/26/2023 11:20 PM EDT,0
03/26/2023 11:25 PM EDT,0
03/26/2023 11:30 PM EDT,0
03/26/2023 11:35 PM EDT,0
03/26/2023 11:40 PM EDT,0
03/26/2023 11:45 PM EDT,0
03/26/2023 11:50 PM EDT,0
03/26/2023 11:55 PM EDT,0
03/27/2023 12:00 AM EDT,0
03/27/2023 12:05 AM EDT,0
03/27/2023 12:10 AM EDT,0
03/27/2023 12:15 AM EDT,0
03/27/2023 12:20 AM EDT,0
03/27/2023 12:25 AM EDT,0
03/27/2023 12:30 AM EDT,0
03/27/2023 12:35 AM EDT,0
03/27/2023 12:40 AM EDT,0
03/27/2023 12:45 AM EDT,0
03/27/2023 12:50 AM EDT,0
03/27/2023 12:55 AM EDT,0
03/27/2023 01:00 AM EDT,0
03/27/2023 01:05 AM EDT,0
03/27/2023 01:10 AM EDT,0
03/27/2023 01:15 AM EDT,0
03/27/2023 01:20 AM EDT,0
03/27/2023 01:25 AM EDT,0
03/27/2023 01:30 AM EDT,0
03/27/2023 01:35 AM EDT,0
03/27/2023 01:40 AM EDT,0
03/27/2023 01:45 AM EDT,0
03/27/2023 01:50 AM EDT,0
03/27/2023 01:55 AM EDT,0
03/27/2023 02:00 AM EDT,0
03/27/2023 02:05 AM EDT,0
03/27/2023 02:10 AM EDT,0
03/27/2023 02:15 AM EDT,0
03/27/2023 02:20 AM EDT,0
03/27/2023 02:25 AM EDT,0
03/27/2023 02:30 AM EDT,0
03/27/2023 02:35 AM EDT,0
03/27/2023 02:40 AM EDT,0
03/27/2023 02:45 AM EDT,0
03/27/2023 02:50 AM EDT,0
03/27/2023 02:55 AM EDT,0
03/27/2023 03:00 AM EDT,0
03/27/2023 03:05 AM EDT,0
03/27/2023 03:10 AM EDT,0
03/27/2023 03:15 AM EDT,0
03/27/2023 03:20 AM EDT,0
03/27/2023 03:25 AM EDT,0
03/27/2023 03:30 AM EDT,0
03/27/2023 03:35 AM EDT,0
03/27/2023 03:40 AM EDT,0
03/27/2023 03:45 AM EDT,0
03/27/2023 03:50 AM EDT,0
03/27/2023 03:55 AM EDT,0
03/27/2023 04:00 AM EDT,0
03/27/2023 04:05 AM EDT,0
03/27/2023 04:10 AM EDT,0
03/27/2023 04:15 AM EDT,0
03/27/2023 04:20 AM EDT,0
03/27/2023 04:25 AM EDT,0
03/27/2023 04:30 AM EDT,0
03/27/2023 04:35 AM EDT,0
03/27/2023 04:40 AM EDT,0
03/27/2023 04:45 AM EDT,0
03/27/2023 04:50 AM EDT,0
03/27/2023 04:55 AM EDT,0
03/27/2023 05:00 AM EDT,0
03/27/2023 05:05 AM EDT,0
03/27/2023 05:10 AM EDT,0
03/27/2023 05:15 AM EDT,0
03/27/2023 05:20 AM EDT,0
03/27/2023 05:25 AM EDT,0
03/27/2023 05:30 AM EDT,0
03/27/2023 05:35 AM EDT,0
03/27/2023 05:40 AM EDT,0
03/27/2023 05:45 AM EDT,0
03/27/2023 05:50 AM EDT,0
03/27/2023 05:55 AM EDT,0
03/27/2023 06:00 AM EDT,0
03/27/2023 06:05 AM EDT,0
03/27/2023 06:10 AM EDT,0
03/27/2023 06:15 AM EDT,0
03/27/2023 06:20 AM EDT,0
03/27/2023 06:25 AM EDT,0
03/27/2023 06:30 AM EDT,0
03/27/2023 06:35 AM EDT,0
03/27/2023 06:40 AM EDT,0
03/27/2023 06:45 AM EDT,0
03/27/2023 06:50 AM EDT,0
03/27/2023 06:55 AM EDT,0
03/27/2023 07:00 AM EDT,0
03/27/2023 07:05 AM EDT,0
03/27/2023 07:10 AM EDT,0
03/27/2023 07:15 AM EDT,0
03/27/2023 07:20 AM EDT,0
03/27/2023 07:25 AM EDT,0
03/27/2023 07:30 AM EDT,0
03/27/2023 07:35 AM EDT,0
03/27/2023 07:40 AM EDT,0
03/27/2023 07:45 AM EDT,24
03/27/2023 07:50 AM EDT,24
03/27/2023 07:55 AM EDT,48
03/27/2023 08:00 AM EDT,48
03/27/2023 08:05 AM EDT,96
03/27/2023 08:10 AM EDT,168
03/27/2023 08:15 AM EDT,288
03/27/2023 08:20 AM EDT,324
03/27/2023 08:25 AM EDT,276
03/27/2023 08:30 AM EDT,300
03/27/2023 08:35 AM EDT,300
03/27/2023 08:40 AM EDT,312
03/27/2023 08:45 AM EDT,264
03/27/2023 08:50 AM EDT,360
03/27/2023 08:55 AM EDT,432
03/27/2023 09:00 AM EDT,336
03/27/2023 09:05 AM EDT,492
03/27/2023 09:10 AM EDT,420
03/27/2023 09:15 AM EDT,576
03/27/2023 09:20 AM EDT,360
03/27/2023 09:25 AM EDT,360
03/27/2023 09:30 AM EDT,312
03/27/2023 09:35 AM EDT,192
03/27/2023 09:40 AM EDT,336
03/27/2023 09:45 AM EDT,360
03/27/2023 09:50 AM EDT,360
03/27/2023 09:55 AM EDT,672
03/27/2023 10:00 AM EDT,"1,080"
03/27/2023 10:05 AM EDT,"1,224"
03/27/2023 10:10 AM EDT,"1,128"
03/27/2023 10:15 AM EDT,936
03/27/2023 10:20 AM EDT,672
03/27/2023 10:25 AM EDT,696
03/27/2023 10:30 AM EDT,492
03/27/2023 10:35 AM EDT,600
03/27/2023 10:40 AM EDT,612
03/27/2023 10:45 AM EDT,624
03/27/2023 10:50 AM EDT,696
03/27/2023 10:55 AM EDT,900
03/27/2023 11:00 AM EDT,"1,080"
03/27/2023 11:05 AM EDT,"1,392"
03/27/2023 11:10 AM EDT,"1,524"
03/27/2023 11:15 AM EDT,"1,428"
03/27/2023 11:20 AM EDT,"1,284"
03/27/2023 11:25 AM EDT,"1,236"
03/27/2023 11:30 AM EDT,"1,320"
03/27/2023 11:35 AM EDT,"1,464"
03/27/2023 11:40 AM EDT,"1,068"
03/27/2023 11:45 AM EDT,948
03/27/2023 11:50 AM EDT,900
03/27/2023 11:55 AM EDT,972
03/27/2023 12:00 PM EDT,864
03/27/2023 12:05 PM EDT,864
03/27/2023 12:10 PM EDT,"1,212"
03/27/2023 12:15 PM EDT,"1,320"
03/27/2023 12:20 PM EDT,"1,020"
03/27/2023 12:25 PM EDT,612
03/27/2023 12:30 PM EDT,852
03/27/2023 12:35 PM EDT,768
03/27/2023 12:40 PM EDT,"1,020"
03/27/2023 12:45 PM EDT,"1,440"
03/27/2023 12:50 PM EDT,"1,176"
03/27/2023 12:55 PM EDT,936
03/27/2023 01:00 PM EDT,"1,152"
03/27/2023 01:05 PM EDT,"1,296"
03/27/2023 01:10 PM EDT,"1,584"
03/27/2023 01:15 PM EDT,"1,992"
03/27/2023 01:20 PM EDT,"3,120"
03/27/2023 01:25 PM EDT,"2,436"
03/27/2023 01:30 PM EDT,"2,856"
03/27/2023 01:35 PM EDT,"2,328"
03/27/2023 01:40 PM EDT,"1,488"
03/27/2023 01:45 PM EDT,"1,800"
03/27/2023 01:50 PM EDT,"3,612"
03/27/2023 01:55 PM EDT,"3,144"
03/27/2023 02:00 PM EDT,"4,104"
03/27/2023 02:05 PM EDT,"2,208"
03/27/2023 02:10 PM EDT,"2,904"
03/27/2023 02:15 PM EDT,"1,704"
03/27/2023 02:20 PM EDT,"3,552"
03/27/2023 02:25 PM EDT,"1,692"
03/27/2023 02:30 PM EDT,"1,104"
03/27/2023 02:35 PM EDT,"2,688"
03/27/2023 02:40 PM EDT,"4,896"
03/27/2023 02:45 PM EDT,"4,344"
03/27/2023 02:50 PM EDT,"5,004"
03/27/2023 02:55 PM EDT,"3,468"
03/27/2023 03:00 PM EDT,"2,016"
03/27/2023 03:05 PM EDT,"4,584"
03/27/2023 03:10 PM EDT,"2,088"
03/27/2023 03:15 PM EDT,"2,880"
03/27/2023 03:20 PM EDT,"4,092"
03/27/2023 03:25 PM EDT,"2,604"
03/27/2023 03:30 PM EDT,"2,796"
03/27/2023 03:35 PM EDT,"2,232"
03/27/2023 03:40 PM EDT,"2,832"
03/27/2023 03:45 PM EDT,"4,044"
03/27/2023 03:50 PM EDT,"3,600"
03/27/2023 03:55 PM EDT,"3,852"
03/27/2023 04:00 PM EDT,"1,008"
03/27/2023 04:05 PM EDT,324
03/27/2023 04:10 PM EDT,"1,476"
03/27/2023 04:15 PM EDT,"1,596"
03/27/2023 04:20 PM EDT,0
03/27/2023 04:25 PM EDT,960
03/27/2023 04:30 PM EDT,"2,028"
03/27/2023 04:35 PM EDT,"1,872"
03/27/2023 04:40 PM EDT,"1,536"
03/27/2023 04:45 PM EDT,948
03/27/2023 04:50 PM EDT,636
03/27/2023 04:55 PM EDT,912
03/27/2023 05:00 PM EDT,600
03/27/2023 05:05 PM EDT,384
03/27/2023 05:10 PM EDT,228
03/27/2023 05:15 PM EDT,132
03/27/2023 05:20 PM EDT,96
03/27/2023 05:25 PM EDT,72
03/27/2023 05:30 PM EDT,96
03/27/2023 05:35 PM EDT,48
03/27/2023 05:40 PM EDT,72
03/27/2023 05:45 PM EDT,48
03/27/2023 05:50 PM EDT,144
03/27/2023 05:55 PM EDT,168
03/27/2023 06:00 PM EDT,156
03/27/2023 06:05 PM EDT,156
03/27/2023 06:10 PM EDT,96
03/27/2023 06:15 PM EDT,120
03/27/2023 06:20 PM EDT,348
03/27/2023 06:25 PM EDT,540
03/27/2023 06:30 PM EDT,360
03/27/2023 06:35 PM EDT,228
03/27/2023 06:40 PM EDT,204
03/27/2023 06:45 PM EDT,144
03/27/2023 06:50 PM EDT,96
03/27/2023 06:55 PM EDT,72
03/27/2023 07:00 PM EDT,96
03/27/2023 07:05 PM EDT,132
03/27/2023 07:10 PM EDT,120
03/27/2023 07:15 PM EDT,72
03/27/2023 07:20 PM EDT,12
03/27/2023 07:25 PM EDT,0
03/27/2023 07:30 PM EDT,0
03/27/2023 07:35 PM EDT,0
03/27/2023 07:40 PM EDT,0
03/27/2023 07:45 PM EDT,0
03/27/2023 07:50 PM EDT,0
03/27/2023 07:55 PM EDT,0
03/27/2023 08:00 PM EDT,0
03/27/2023 08:05 PM EDT,0
03/27/2023 08:10 PM EDT,0
03/27/2023 08:15 PM EDT,0
03/27/2023 08:20 PM EDT,0
03/27/2023 08:25 PM EDT,0
03/27/2023 08:30 PM EDT,0
03/27/2023 08:35 PM EDT,0
03/27/2023 08:40 PM EDT,0
03/27/2023 08:45 PM EDT,0
03/27/2023 08:50 PM EDT,0
03/27/2023 08:55 PM EDT,0
03/27/2023 09:00 PM EDT,0
03/27/2023 09:05 PM EDT,0
03/27/2023 09:10 PM EDT,0
03/27/2023 09:15 PM EDT,0
03/27/2023 09:20 PM EDT,0
03/27/2023 09:25 PM EDT,0
03/27/2023 09:30 PM EDT,0
03/27/2023 09:35 PM EDT,0
03/27/2023 09:40 PM EDT,0
03/27/2023 09:45 PM EDT,0
03/27/2023 09:50 PM EDT,0
03/27/2023 09:55 PM EDT,0
03/27/2023 10:00 PM EDT,0
03/27/2023 10:05 PM EDT,0
03/27/2023 10:10 PM EDT,0
03/27/2023 10:15 PM EDT,0
03/27/2023 10:20 PM EDT,0
03/27/2023 10:25 PM EDT,0
03/27/2023 10:30 PM EDT,0
03/27/2023 10:35 PM EDT,0
03/27/2023 10:40 PM EDT,0
03/27/2023 10:45 PM EDT,0
03/27/2023 10:50 PM EDT,0
03/27/2023 10:55 PM EDT,0
03/27/2023 11:00 PM EDT,0
03/27/2023 11:05 PM EDT,0
03/27/2023 11:10 PM EDT,0
03/27/2023 11:15 PM EDT,0
03/27/2023 11:20 PM EDT,0
03/27/2023 11:25 PM EDT,0
03/27/2023 11:30 PM EDT,0
03/27/2023 11:35 PM EDT,0
03/27/2023 11:40 PM EDT,0
03/27/2023 11:45 PM EDT,0
03/27/2023 11:50 PM EDT,0
03/27/2023 11:55 PM EDT,0
03/28/2023 12:00 AM EDT,0
03/28/2023 12:05 AM EDT,0
03/28/2023 12:10 AM EDT,0
03/28/2023 12:15 AM EDT,0
03/28/2023 12:20 AM EDT,0
03/28/2023 12:25 AM EDT,0
03/28/2023 12:30 AM EDT,0
03/28/2023 12:35 AM EDT,0
03/28/2023 12:40 AM EDT,0
03/28/2023 12:45 AM EDT,0
03/28/2023 12:50 AM EDT,0
03/28/2023 12:55 AM EDT,0
03/28/2023 01:00 AM EDT,0
03/28/2023 01:05 AM EDT,0
03/28/2023 01:10 AM EDT,0
03/28/2023 01:15 AM EDT,0
03/28/2023 01:20 AM EDT,0
03/28/2023 01:25 AM EDT,0
03/28/2023 01:30 AM EDT,0
03/28/2023 01:35 AM EDT,0
03/28/2023 01:40 AM EDT,0
03/28/2023 01:45 AM EDT,0
03/28/2023 01:50 AM EDT,0
03/28/2023 01:55 AM EDT,0
03/28/2023 02:00 AM EDT,0
03/28/2023 02:05 AM EDT,0
03/28/2023 02:10 AM EDT,0
03/28/2023 02:15 AM EDT,0
03/28/2023 02:20 AM EDT,0
03/28/2023 02:25 AM EDT,0
03/28/2023 02:30 AM EDT,0
03/28/2023 02:35 AM EDT,0
03/28/2023 02:40 AM EDT,0
03/28/2023 02:45 AM EDT,0
03/28/2023 02:50 AM EDT,0
03/28/2023 02:55 AM EDT,0
03/28/2023 03:00 AM EDT,0
03/28/2023 03:05 AM EDT,0
03/28/2023 03:10 AM EDT,0
03/28/2023 03:15 AM EDT,0
03/28/2023 03:20 AM EDT,0
03/28/2023 03:25 AM EDT,0
03/28/2023 03:30 AM EDT,0
03/28/2023 03:35 AM EDT,0
03/28/2023 03:40 AM EDT,0
03/28/2023 03:45 AM EDT,0
03/28/2023 03:50 AM EDT,0
03/28/2023 03:55 AM EDT,0
03/28/2023 04:00 AM EDT,0
03/28/2023 04:05 AM EDT,0
03/28/2023 04:10 AM EDT,0
03/28/2023 04:15 AM EDT,0
03/28/2023 04:20 AM EDT,0
03/28/2023 04:25 AM EDT,0
03/28/2023 04:30 AM EDT,0
03/28/2023 04:35 AM EDT,0
03/28/2023 04:40 AM EDT,0
03/28/2023 04:45 AM EDT,0
03/28/2023 04:50 AM EDT,0
03/28/2023 04:55 AM EDT,0
03/28/2023 05:00 AM EDT,0
03/28/2023 05:05 AM EDT,0
03/28/2023 05:10 AM EDT,0
03/28/2023 05:15 AM EDT,0
03/28/2023 05:20 AM EDT,0
03/28/2023 05:25 AM EDT,0
03/28/2023 05:30 AM EDT,0
03/28/2023 05:35 AM EDT,0
03/28/2023 05:40 AM EDT,0
03/28/2023 05:45 AM EDT,0
03/28/2023 05:50 AM EDT,0
03/28/2023 05:55 AM EDT,0
03/28/2023 06:00 AM EDT,0
03/28/2023 06:05 AM EDT,0
03/28/2023 06:10 AM EDT,0
03/28/2023 06:15 AM EDT,0
03/28/2023 06:20 AM EDT,0
03/28/2023 06:25 AM EDT,0
03/28/2023 06:30 AM EDT,0
03/28/2023 06:35 AM EDT,0
03/28/2023 06:40 AM EDT,0
03/28/2023 06:45 AM EDT,0
03/28/2023 06:50 AM EDT,0
03/28/2023 06:55 AM EDT,0
03/28/2023 07:00 AM EDT,0
03/28/2023 07:05 AM EDT,0
03/28/2023 07:10 AM EDT,0
03/28/2023 07:15 AM EDT,0
03/28/2023 07:20 AM EDT,24
03/28/2023 07:25 AM EDT,24
03/28/2023 07:30 AM EDT,48
03/28/2023 07:35 AM EDT,120
03/28/2023 07:40 AM EDT,96
03/28/2023 07:45 AM EDT,96
03/28/2023 07:50 AM EDT,240
03/28/2023 07:55 AM EDT,216
03/28/2023 08:00 AM EDT,180
03/28/2023 08:05 AM EDT,228
03/28/2023 08:10 AM EDT,360
03/28/2023 08:15 AM EDT,408
03/28/2023 08:20 AM EDT,408
03/28/2023 08:25 AM EDT,528
03/28/2023 08:30 AM EDT,492
03/28/2023 08:35 AM EDT,300
03/28/2023 08:40 AM EDT,408
03/28/2023 08:45 AM EDT,528
03/28/2023 08:50 AM EDT,612
03/28/2023 08:55 AM EDT,924
03/28/2023 09:00 AM EDT,"1,188"
03/28/2023 09:05 AM EDT,"1,284"
03/28/2023 09:10 AM EDT,"1,704"
03/28/2023 09:15 AM EDT,"1,956"
03/28/2023 09:20 AM EDT,"2,196"
03/28/2023 09:25 AM EDT,"1,776"
03/28/2023 09:30 AM EDT,"2,376"
03/28/2023 09:35 AM EDT,"2,460"
03/28/2023 09:40 AM EDT,"2,352"
03/28/2023 09:45 AM EDT,"2,376"
03/28/2023 09:50 AM EDT,"1,908"
03/28/2023 09:55 AM EDT,"2,148"
03/28/2023 10:00 AM EDT,"2,316"
03/28/2023 10:05 AM EDT,"2,052"
03/28/2023 10:10 AM EDT,"1,992"
03/28/2023 10:15 AM EDT,"2,136"
03/28/2023 10:20 AM EDT,"2,232"
03/28/2023 10:25 AM EDT,"2,136"
03/28/2023 10:30 AM EDT,"1,992"
03/28/2023 10:35 AM EDT,"2,160"
03/28/2023 10:40 AM EDT,"1,236"
03/28/2023 10:45 AM EDT,"1,932"
03/28/2023 10:50 AM EDT,"2,400"
03/28/2023 10:55 AM EDT,"2,568"
03/28/2023 11:00 AM EDT,"2,532"
03/28/2023 11:05 AM EDT,"2,364"
03/28/2023 11:10 AM EDT,"2,232"
03/28/2023 11:15 AM EDT,"1,992"
03/28/2023 11:20 AM EDT,"1,296"
03/28/2023 11:25 AM EDT,"1,368"
03/28/2023 11:30 AM EDT,"1,944"
03/28/2023 11:35 AM EDT,"2,448"
03/28/2023 11:40 AM EDT,"3,408"
03/28/2023 11:45 AM EDT,"3,060"
03/28/2023 11:50 AM EDT,"2,112"
03/28/2023 11:55 AM EDT,"3,672"
03/28/2023 12:00 PM EDT,"4,080"
03/28/2023 12:05 PM EDT,"4,572"
03/28/2023 12:10 PM EDT,"3,696"
03/28/2023 12:15 PM EDT,"1,320"
03/28/2023 12:20 PM EDT,"1,128"
03/28/2023 12:25 PM EDT,"1,776"
03/28/2023 12:30 PM EDT,"4,632"
03/28/2023 12:35 PM EDT,"5,208"
03/28/2023 12:40 PM EDT,"4,728"
03/28/2023 12:45 PM EDT,"4,080"
03/28/2023 12:50 PM EDT,"1,920"
03/28/2023 12:55 PM EDT,"3,540"
03/28/2023 01:00 PM EDT,"4,344"
03/28/2023 01:05 PM EDT,"4,728"
03/28/2023 01:10 PM EDT,"4,200"
03/28/2023 01:15 PM EDT,"3,144"
03/28/2023 01:20 PM EDT,"4,848"
03/28/2023 01:25 PM EDT,"3,312"
03/28/2023 01:30 PM EDT,"3,888"
03/28/2023 01:35 PM EDT,"4,416"
03/28/2023 01:40 PM EDT,"2,376"
03/28/2023 01:45 PM EDT,"3,828"
03/28/2023 01:50 PM EDT,"4,056"
03/28/2023 01:55 PM EDT,"3,000"
03/28/2023 02:00 PM EDT,"4,656"
03/28/2023 02:05 PM EDT,"4,608"
03/28/2023 02:10 PM EDT,"4,200"
03/28/2023 02:15 PM EDT,"4,692"
03/28/2023 02:20 PM EDT,"3,624"
03/28/2023 02:25 PM EDT,"3,588"
03/28/2023 02:30 PM EDT,"3,612"
03/28/2023 02:35 PM EDT,"4,260"
03/28/2023 02:40 PM EDT,"3,480"
03/28/2023 02:45 PM EDT,"3,060"
03/28/2023 02:50 PM EDT,"3,804"
03/28/2023 02:55 PM EDT,"2,448"
03/28/2023 03:00 PM EDT,"3,600"
03/28/2023 03:05 PM EDT,"3,000"
03/28/2023 03:10 PM EDT,"2,664"
03/28/2023 03:15 PM EDT,"2,952"
03/28/2023 03:20 PM EDT,"3,312"
03/28/2023 03:25 PM EDT,"2,292"
03/28/2023 03:30 PM EDT,"2,736"
03/28/2023 03:35 PM EDT,"2,280"
03/28/2023 03:40 PM EDT,"3,360"
03/28/2023 03:45 PM EDT,"3,120"
03/28/2023 03:50 PM EDT,"2,940"
03/28/2023 03:55 PM EDT,"1,344"
03/28/2023 04:00 PM EDT,"1,392"
03/28/2023 04:05 PM EDT,"1,308"
03/28/2023 04:10 PM EDT,"2,268"
03/28/2023 04:15 PM EDT,"2,664"
03/28/2023 04:20 PM EDT,"1,584"
03/28/2023 04:25 PM EDT,"1,824"
03/28/2023 04:30 PM EDT,"1,176"
03/28/2023 04:35 PM EDT,"1,008"
03/28/2023 04:40 PM EDT,996
03/28/2023 04:45 PM EDT,"1,044"
03/28/2023 04:50 PM EDT,"1,116"
03/28/2023 04:55 PM EDT,"1,044"
03/28/2023 05:00 PM EDT,864
03/28/2023 05:05 PM EDT,864
03/28/2023 05:10 PM EDT,756
03/28/2023 05:15 PM EDT,672
03/28/2023 05:20 PM EDT,876
03/28/2023 05:25 PM EDT,744
03/28/2023 05:30 PM EDT,876
03/28/2023 05:35 PM EDT,888
03/28/2023 05:40 PM EDT,768
03/28/2023 05:45 PM EDT,720
03/28/2023 05:50 PM EDT,792
03/28/2023 05:55 PM EDT,420
03/28/2023 06:00 PM EDT,504
03/28/2023 06:05 PM EDT,624
03/28/2023 06:10 PM EDT,372
03/28/2023 06:15 PM EDT,552
03/28/2023 06:20 PM EDT,456
03/28/2023 06:25 PM EDT,456
03/28/2023 06:30 PM EDT,252
03/28/2023 06:35 PM EDT,192
03/28/2023 06:40 PM EDT,240
03/28/2023 06:45 PM EDT,264
03/28/2023 06:50 PM EDT,360
03/28/2023 06:55 PM EDT,192
03/28/2023 07:00 PM EDT,180
03/28/2023 07:05 PM EDT,144
03/28/2023 07:10 PM EDT,156
03/28/2023 07:15 PM EDT,72
03/28/2023 07:20 PM EDT,0
03/28/2023 07:25 PM EDT,0
03/28/2023 07:30 PM EDT,0
03/28/2023 07:35 PM EDT,0
03/28/2023 07:40 PM EDT,0
03/28/2023 07:45 PM EDT,0
03/28/2023 07:50 PM EDT,0
03/28/2023 07:55 PM EDT,0
03/28/2023 08:00 PM EDT,0
03/28/2023 08:05 PM EDT,0
03/28/2023 08:10 PM EDT,0
03/28/2023 08:15 PM EDT,0
03/28/2023 08:20 PM EDT,0
03/28/2023 08:25 PM EDT,0
03/28/2023 08:30 PM EDT,0
03/28/2023 08:35 PM EDT,0
03/28/2023 08:40 PM EDT,0
03/28/2023 08:45 PM EDT,0
03/28/2023 08:50 PM EDT,0
03/28/2023 08:55 PM EDT,0
03/28/2023 09:00 PM EDT,0
03/28/2023 09:05 PM EDT,0
03/28/2023 09:10 PM EDT,0
03/28/2023 09:15 PM EDT,0
03/28/2023 09:20 PM EDT,0
03/28/2023 09:25 PM EDT,0
03/28/2023 09:30 PM EDT,0
03/28/2023 09:35 PM EDT,0
03/28/2023 09:40 PM EDT,0
03/28/2023 09:45 PM EDT,0
03/28/2023 09:50 PM EDT,0
03/28/2023 09:55 PM EDT,0
03/28/2023 10:00 PM EDT,0
03/28/2023 10:05 PM EDT,0
03/28/2023 10:10 PM EDT,0
03/28/2023 10:15 PM EDT,0
03/28/2023 10:20 PM EDT,0
03/28/2023 10:25 PM EDT,0
03/28/2023 10:30 PM EDT,0
03/28/2023 10:35 PM EDT,0
03/28/2023 10:40 PM EDT,0
03/28/2023 10:45 PM EDT,0
03/28/2023 10:50 PM EDT,0
03/28/2023 10:55 PM EDT,0
03/28/2023 11:00 PM EDT,0
03/28/2023 11:05 PM EDT,0
03/28/2023 11:10 PM EDT,0
03/28/2023 11:15 PM EDT,0
03/28/2023 11:20 PM EDT,0
03/28/2023 11:25 PM EDT,0
03/28/2023 11:30 PM EDT,0
03/28/2023 11:35 PM EDT,0
03/28/2023 11:40 PM EDT,0
03/28/2023 11:45 PM EDT,0
03/28/2023 11:50 PM EDT,0
03/28/2023 11:55 PM EDT,0
03/29/2023 12:00 AM EDT,0
03/29/2023 12:05 AM EDT,0
03/29/2023 12:10 AM EDT,0
03/29/2023 12:15 AM EDT,0
03/29/2023 12:20 AM EDT,0
03/29/2023 12:25 AM EDT,0
03/29/2023 12:30 AM EDT,0
03/29/2023 12:35 AM EDT,0
03/29/2023 12:40 AM EDT,0
03/29/2023 12:45 AM EDT,0
03/29/2023 12:50 AM EDT,0
03/29/2023 12:55 AM EDT,0
03/29/2023 01:00 AM EDT,0
03/29/2023 01:05 AM EDT,0
03/29/2023 01:10 AM EDT,0
03/29/2023 01:15 AM EDT,0
03/29/2023 01:20 AM EDT,0
03/29/2023 01:25 AM EDT,0
03/29/2023 01:30 AM EDT,0
03/29/2023 01:35 AM EDT,0
03/29/2023 01:40 AM EDT,0
03/29/2023 01:45 AM EDT,0
03/29/2023 01:50 AM EDT,0
03/29/2023 01:55 AM EDT,0
03/29/2023 02:00 AM EDT,0
03/29/2023 02:05 AM EDT,0
03/29/2023 02:10 AM EDT,0
03/29/2023 02:15 AM EDT,0
03/29/2023 02:20 AM EDT,0
03/29/2023 02:25 AM EDT,0
03/29/2023 02:30 AM EDT,0
03/29/2023 02:35 AM EDT,0
03/29/2023 02:40 AM EDT,0
03/29/2023 02:45 AM EDT,0
03/29/2023 02:50 AM EDT,0
03/29/2023 02:55 AM EDT,0
03/29/2023 03:00 AM EDT,0
03/29/2023 03:05 AM EDT,0
03/29/2023 03:10 AM EDT,0
03/29/2023 03:15 AM EDT,0
03/29/2023 03:20 AM EDT,0
03/29/2023 03:25 AM EDT,0
03/29/2023 03:30 AM EDT,0
03/29/2023 03:35 AM EDT,0
03/29/2023 03:40 AM EDT,0
03/29/2023 03:45 AM EDT,0
03/29/2023 03:50 AM EDT,0
03/29/2023 03:55 AM EDT,0
03/29/2023 04:00 AM EDT,0
03/29/2023 04:05 AM EDT,0
03/29/2023 04:10 AM EDT,0
03/29/2023 04:15 AM EDT,0
03/29/2023 04:20 AM EDT,0
03/29/2023 04:25 AM EDT,0
03/29/2023 04:30 AM EDT,0
03/29/2023 04:35 AM EDT,0
03/29/2023 04:40 AM EDT,0
03/29/2023 04:45 AM EDT,0
03/29/2023 04:50 AM EDT,0
03/29/2023 04:55 AM EDT,0
03/29/2023 05:00 AM EDT,0
03/29/2023 05:05 AM EDT,0
03/29/2023 05:10 AM EDT,0
03/29/2023 05:15 AM EDT,0
03/29/2023 05:20 AM EDT,0
03/29/2023 05:25 AM EDT,0
03/29/2023 05:30 AM EDT,0
03/29/2023 05:35 AM EDT,0
03/29/2023 05:40 AM EDT,0
03/29/2023 05:45 AM EDT,0
03/29/2023 05:50 AM EDT,0
03/29/2023 05:55 AM EDT,0
03/29/2023 06:00 AM EDT,0
03/29/2023 06:05 AM EDT,0
03/29/2023 06:10 AM EDT,0
03/29/2023 06:15 AM EDT,0
03/29/2023 06:20 AM EDT,0
03/29/2023 06:25 AM EDT,0
03/29/2023 06:30 AM EDT,0
03/29/2023 06:35 AM EDT,0
03/29/2023 06:40 AM EDT,0
03/29/2023 06:45 AM EDT,0
03/29/2023 06:50 AM EDT,0
03/29/2023 06:55 AM EDT,0
03/29/2023 07:00 AM EDT,0
03/29/2023 07:05 AM EDT,0
03/29/2023 07:10 AM EDT,0
03/29/2023 07:15 AM EDT,0
03/29/2023 07:20 AM EDT,0
03/29/2023 07:25 AM EDT,0
03/29/2023 07:30 AM EDT,24
03/29/2023 07:35 AM EDT,72
03/29/2023 07:40 AM EDT,96
03/29/2023 07:45 AM EDT,96
03/29/2023 07:50 AM EDT,96
03/29/2023 07:55 AM EDT,120
03/29/2023 08:00 AM EDT,144
03/29/2023 08:05 AM EDT,180
03/29/2023 08:10 AM EDT,180
03/29/2023 08:15 AM EDT,168
03/29/2023 08:20 AM EDT,192
03/29/2023 08:25 AM EDT,240
03/29/2023 08:30 AM EDT,312
03/29/2023 08:35 AM EDT,336
03/29/2023 08:40 AM EDT,408
03/29/2023 08:45 AM EDT,432
03/29/2023 08:50 AM EDT,480
03/29/2023 08:55 AM EDT,672
03/29/2023 09:00 AM EDT,"1,176"
03/29/2023 09:05 AM EDT,"1,752"
03/29/2023 09:10 AM EDT,"1,728"
03/29/2023 09:15 AM EDT,"1,704"
03/29/2023 09:20 AM EDT,"1,992"
03/29/2023 09:25 AM EDT,"2,136"
03/29/2023 09:30 AM EDT,"2,544"
03/29/2023 09:35 AM EDT,"2,988"
03/29/2023 09:40 AM EDT,"2,916"
03/29/2023 09:45 AM EDT,"1,944"
03/29/2023 09:50 AM EDT,"2,184"
03/29/2023 09:55 AM EDT,"2,652"
03/29/2023 10:00 AM EDT,"1,800"
03/29/2023 10:05 AM EDT,"1,896"
03/29/2023 10:10 AM EDT,"1,692"
03/29/2023 10:15 AM EDT,"1,668"
03/29/2023 10:20 AM EDT,"1,824"
03/29/2023 10:25 AM EDT,"1,464"
03/29/2023 10:30 AM EDT,"1,644"
03/29/2023 10:35 AM EDT,"1,956"
03/29/2023 10:40 AM EDT,"2,412"
03/29/2023 10:45 AM EDT,"2,496"
03/29/2023 10:50 AM EDT,"2,508"
03/29/2023 10:55 AM EDT,"2,412"
03/29/2023 11:00 AM EDT,"2,388"
03/29/2023 11:05 AM EDT,"2,400"
03/29/2023 11:10 AM EDT,"2,532"
03/29/2023 11:15 AM EDT,"1,944"
03/29/2023 11:20 AM EDT,"2,892"
03/29/2023 11:25 AM EDT,"3,144"
03/29/2023 11:30 AM EDT,"3,504"
03/29/2023 11:35 AM EDT,"1,608"
03/29/2023 11:40 AM EDT,"1,008"
03/29/2023 11:45 AM EDT,"3,156"
03/29/2023 11:50 AM EDT,"3,360"
03/29/2023 11:55 AM EDT,"3,684"
03/29/2023 12:00 PM EDT,"4,164"
03/29/2023 12:05 PM EDT,"4,560"
03/29/2023 12:10 PM EDT,"4,608"
03/29/2023 12:15 PM EDT,"3,120"
03/29/2023 12:20 PM EDT,"2,652"
03/29/2023 12:25 PM EDT,"1,092"
03/29/2023 12:30 PM EDT,948
03/29/2023 12:35 PM EDT,852
03/29/2023 12:40 PM EDT,"1,392"
03/29/2023 12:45 PM EDT,"4,584"
03/29/2023 12:50 PM EDT,"5,148"
03/29/2023 12:55 PM EDT,"5,184"
03/29/2023 01:00 PM EDT,"5,076"
03/29/2023 01:05 PM EDT,"4,956"
03/29/2023 01:10 PM EDT,"5,028"
03/29/2023 01:15 PM EDT,"3,000"
03/29/2023 01:20 PM EDT,"1,428"
03/29/2023 01:25 PM EDT,"1,320"
03/29/2023 01:30 PM EDT,"2,352"
03/29/2023 01:35 PM EDT,"4,788"
03/29/2023 01:40 PM EDT,"4,260"
03/29/2023 01:45 PM EDT,"3,768"
03/29/2023 01:50 PM EDT,"4,224"
03/29/2023 01:55 PM EDT,"1,428"
03/29/2023 02:00 PM EDT,"1,488"
03/29/2023 02:05 PM EDT,"5,112"
03/29/2023 02:10 PM EDT,"4,488"
03/29/2023 02:15 PM EDT,"1,596"
03/29/2023 02:20 PM EDT,"1,476"
03/29/2023 02:25 PM EDT,"1,344"
03/29/2023 02:30 PM EDT,"1,596"
03/29/2023 02:35 PM EDT,"5,232"
03/29/2023 02:40 PM EDT,"5,256"
03/29/2023 02:45 PM EDT,"5,292"
03/29/2023 02:50 PM EDT,"5,292"
03/29/2023 02:55 PM EDT,"5,100"
03/29/2023 03:00 PM EDT,"5,052"
03/29/2023 03:05 PM EDT,"5,304"
03/29/2023 03:10 PM EDT,"2,820"
03/29/2023 03:15 PM EDT,"4,488"
03/29/2023 03:20 PM EDT,"4,380"
03/29/2023 03:25 PM EDT,"3,144"
03/29/2023 03:30 PM EDT,"3,576"
03/29/2023 03:35 PM EDT,"1,056"
03/29/2023 03:40 PM EDT,696
03/29/2023 03:45 PM EDT,648
03/29/2023 03:50 PM EDT,672
03/29/2023 03:55 PM EDT,"2,280"
03/29/2023 04:00 PM EDT,"4,836"
03/29/2023 04:05 PM EDT,804
03/29/2023 04:10 PM EDT,"4,104"
03/29/2023 04:15 PM EDT,"3,492"
03/29/2023 04:20 PM EDT,"3,192"
03/29/2023 04:25 PM EDT,"2,808"
03/29/2023 04:30 PM EDT,"2,544"
03/29/2023 04:35 PM EDT,"2,100"
03/29/2023 04:40 PM EDT,"1,788"
03/29/2023 04:45 PM EDT,"1,344"
03/29/2023 04:50 PM EDT,564
03/29/2023 04:55 PM EDT,300
03/29/2023 05:00 PM EDT,396
03/29/2023 05:05 PM EDT,564
03/29/2023 05:10 PM EDT,576
03/29/2023 05:15 PM EDT,648
03/29/2023 05:20 PM EDT,732
03/29/2023 05:25 PM EDT,600
03/29/2023 05:30 PM EDT,420
03/29/2023 05:35 PM EDT,324
03/29/2023 05:40 PM EDT,276
03/29/2023 05:45 PM EDT,264
03/29/2023 05:50 PM EDT,240
03/29/2023 05:55 PM EDT,240
03/29/2023 06:00 PM EDT,216
03/29/2023 06:05 PM EDT,216
03/29/2023 06:10 PM EDT,228
03/29/2023 06:15 PM EDT,192
03/29/2023 06:20 PM EDT,180
03/29/2023 06:25 PM EDT,156
03/29/2023 06:30 PM EDT,144
03/29/2023 06:35 PM EDT,144
03/29/2023 06:40 PM EDT,120
03/29/2023 06:45 PM EDT,120
03/29/2023 06:50 PM EDT,96
03/29/2023 06:55 PM EDT,96
03/29/2023 07:00 PM EDT,72
03/29/2023 07:05 PM EDT,72
03/29/2023 07:10 PM EDT,48
03/29/2023 07:15 PM EDT,24
03/29/2023 07:20 PM EDT,12
03/29/2023 07:25 PM EDT,0
03/29/2023 07:30 PM EDT,0
03/29/2023 07:35 PM EDT,0
03/29/2023 07:40 PM EDT,0
03/29/2023 07:45 PM EDT,0
03/29/2023 07:50 PM EDT,0
03/29/2023 07:55 PM EDT,0
03/29/2023 08:00 PM EDT,0
03/29/2023 08:05 PM EDT,0
03/29/2023 08:10 PM EDT,0
03/29/2023 08:15 PM EDT,0
03/29/2023 08:20 PM EDT,0
03/29/2023 08:25 PM EDT,0
03/29/2023 08:30 PM EDT,0
03/29/2023 08:35 PM EDT,0
03/29/2023 08:40 PM EDT,0
03/29/2023 08:45 PM EDT,0
03/29/2023 08:50 PM EDT,0
03/29/2023 08:55 PM EDT,0
03/29/2023 09:00 PM EDT,0
03/29/2023 09:05 PM EDT,0
03/29/2023 09:10 PM EDT,0
03/29/2023 09:15 PM EDT,0
03/29/2023 09:20 PM EDT,0
03/29/2023 09:25 PM EDT,0
03/29/2023 09:30 PM EDT,0
03/29/2023 09:35 PM EDT,0
03/29/2023 09:40 PM EDT,0
03/29/2023 09:45 PM EDT,0
03/29/2023 09:50 PM EDT,0
03/29/2023 09:55 PM EDT,0
03/29/2023 10:00 PM EDT,0
03/29/2023 10:05 PM EDT,0
03/29/2023 10:10 PM EDT,0
03/29/2023 10:15 PM EDT,0
03/29/2023 10:20 PM EDT,0
03/29/2023 10:25 PM EDT,0
03/29/2023 10:30 PM EDT,0
03/29/2023 10:35 PM EDT,0
03/29/2023 10:40 PM EDT,0
03/29/2023 10:45 PM EDT,0
03/29/2023 10:50 PM EDT,0
03/29/2023 10:55 PM EDT,0
03/29/2023 11:00 PM EDT,0
03/29/2023 11:05 PM EDT,0
03/29/2023 11:10 PM EDT,0
03/29/2023 11:15 PM EDT,0
03/29/2023 11:20 PM EDT,0
03/29/2023 11:25 PM EDT,0
03/29/2023 11:30 PM EDT,0
03/29/2023 11:35 PM EDT,0
03/29/2023 11:40 PM EDT,0
03/29/2023 11:45 PM EDT,0
03/29/2023 11:50 PM EDT,0
03/29/2023 11:55 PM EDT,0
03/30/2023 12:00 AM EDT,0
03/30/2023 12:05 AM EDT,0
03/30/2023 12:10 AM EDT,0
03/30/2023 12:15 AM EDT,0
03/30/2023 12:20 AM EDT,0
03/30/2023 12:25 AM EDT,0
03/30/2023 12:30 AM EDT,0
03/30/2023 12:35 AM EDT,0
03/30/2023 12:40 AM EDT,0
03/30/2023 12:45 AM EDT,0
03/30/2023 12:50 AM EDT,0
03/30/2023 12:55 AM EDT,0
03/30/2023 01:00 AM EDT,0
03/30/2023 01:05 AM EDT,0
03/30/2023 01:10 AM EDT,0
03/30/2023 01:15 AM EDT,0
03/30/2023 01:20 AM EDT,0
03/30/2023 01:25 AM EDT,0
03/30/2023 01:30 AM EDT,0
03/30/2023 01:35 AM EDT,0
03/30/2023 01:40 AM EDT,0
03/30/2023 01:45 AM EDT,0
03/30/2023 01:50 AM EDT,0
03/30/2023 01:55 AM EDT,0
03/30/2023 02:00 AM EDT,0
03/30/2023 02:05 AM EDT,0
03/30/2023 02:10 AM EDT,0
03/30/2023 02:15 AM EDT,0
03/30/2023 02:20 AM EDT,0
03/30/2023 02:25 AM EDT,0
03/30/2023 02:30 AM EDT,0
03/30/2023 02:35 AM EDT,0
03/30/2023 02:40 AM EDT,0
03/30/2023 02:45 AM EDT,0
03/30/2023 02:50 AM EDT,0
03/30/2023 02:55 AM EDT,0
03/30/2023 03:00 AM EDT,0
03/30/2023 03:05 AM EDT,0
03/30/2023 03:10 AM EDT,0
03/30/2023 03:15 AM EDT,0
03/30/2023 03:20 AM EDT,0
03/30/2023 03:25 AM EDT,0
03/30/2023 03:30 AM EDT,0
03/30/2023 03:35 AM EDT,0
03/30/2023 03:40 AM EDT,0
03/30/2023 03:45 AM EDT,0
03/30/2023 03:50 AM EDT,0
03/30/2023 03:55 AM EDT,0
03/30/2023 04:00 AM EDT,0
03/30/2023 04:05 AM EDT,0
03/30/2023 04:10 AM EDT,0
03/30/2023 04:15 AM EDT,0
03/30/2023 04:20 AM EDT,0
03/30/2023 04:25 AM EDT,0
03/30/2023 04:30 AM EDT,0
03/30/2023 04:35 AM EDT,0
03/30/2023 04:40 AM EDT,0
03/30/2023 04:45 AM EDT,0
03/30/2023 04:50 AM EDT,0
03/30/2023 04:55 AM EDT,0
03/30/2023 05:00 AM EDT,0
03/30/2023 05:05 AM EDT,0
03/30/2023 05:10 AM EDT,0
03/30/2023 05:15 AM EDT,0
03/30/2023 05:20 AM EDT,0
03/30/2023 05:25 AM EDT,0
03/30/2023 05:30 AM EDT,0
03/30/2023 05:35 AM EDT,0
03/30/2023 05:40 AM EDT,0
03/30/2023 05:45 AM EDT,0
03/30/2023 05:50 AM EDT,0
03/30/2023 05:55 AM EDT,0
03/30/2023 06:00 AM EDT,0
03/30/2023 06:05 AM EDT,0
03/30/2023 06:10 AM EDT,0
03/30/2023 06:15 AM EDT,0
03/30/2023 06:20 AM EDT,0
03/30/2023 06:25 AM EDT,0
03/30/2023 06:30 AM EDT,0
03/30/2023 06:35 AM EDT,0
03/30/2023 06:40 AM EDT,0
03/30/2023 06:45 AM EDT,0
03/30/2023 06:50 AM EDT,0
03/30/2023 06:55 AM EDT,0
03/30/2023 07:00 AM EDT,0
03/30/2023 07:05 AM EDT,0
03/30/2023 07:10 AM EDT,0
03/30/2023 07:15 AM EDT,0
03/30/2023 07:20 AM EDT,0
03/30/2023 07:25 AM EDT,36
03/30/2023 07:30 AM EDT,36
03/30/2023 07:35 AM EDT,60
03/30/2023 07:40 AM EDT,72
03/30/2023 07:45 AM EDT,96
03/30/2023 07:50 AM EDT,108
03/30/2023 07:55 AM EDT,132
03/30/2023 08:00 AM EDT,168
03/30/2023 08:05 AM EDT,168
03/30/2023 08:10 AM EDT,168
03/30/2023 08:15 AM EDT,180
03/30/2023 08:20 AM EDT,180
03/30/2023 08:25 AM EDT,216
03/30/2023 08:30 AM EDT,228
03/30/2023 08:35 AM EDT,276
03/30/2023 08:40 AM EDT,324
03/30/2023 08:45 AM EDT,384
03/30/2023 08:50 AM EDT,456
03/30/2023 08:55 AM EDT,768
03/30/2023 09:00 AM EDT,"1,320"
03/30/2023 09:05 AM EDT,"1,860"
03/30/2023 09:10 AM EDT,"2,460"
03/30/2023 09:15 AM EDT,"2,880"
03/30/2023 09:20 AM EDT,"2,856"
03/30/2023 09:25 AM EDT,"2,784"
03/30/2023 09:30 AM EDT,"2,784"
03/30/2023 09:35 AM EDT,"2,844"
03/30/2023 09:40 AM EDT,"2,820"
03/30/2023 09:45 AM EDT,"2,808"
03/30/2023 09:50 AM EDT,"2,784"
03/30/2023 09:55 AM EDT,"2,688"
03/30/2023 10:00 AM EDT,"2,508"
03/30/2023 10:05 AM EDT,"2,412"
03/30/2023 10:10 AM EDT,"2,304"
03/30/2023 10:15 AM EDT,"2,208"
03/30/2023 10:20 AM EDT,"2,136"
03/30/2023 10:25 AM EDT,"2,088"
03/30/2023 10:30 AM EDT,"2,040"
03/30/2023 10:35 AM EDT,"2,040"
03/30/2023 10:40 AM EDT,"1,968"
03/30/2023 10:45 AM EDT,"1,980"
03/30/2023 10:50 AM EDT,"2,016"
03/30/2023 10:55 AM EDT,"2,124"
03/30/2023 11:00 AM EDT,"2,184"
03/30/2023 11:05 AM EDT,"2,304"
03/30/2023 11:10 AM EDT,"2,448"
03/30/2023 11:15 AM EDT,"2,616"
03/30/2023 11:20 AM EDT,"2,772"
03/30/2023 11:25 AM EDT,"2,892"
03/30/2023 11:30 AM EDT,"3,048"
03/30/2023 11:35 AM EDT,"3,228"
03/30/2023 11:40 AM EDT,"3,372"
03/30/2023 11:45 AM EDT,"3,648"
03/30/2023 11:50 AM EDT,"3,804"
03/30/2023 11:55 AM EDT,"3,924"
03/30/2023 12:00 PM EDT,"4,224"
03/30/2023 12:05 PM EDT,"4,296"
03/30/2023 12:10 PM EDT,"4,500"
03/30/2023 12:15 PM EDT,"4,716"
03/30/2023 12:20 PM EDT,"4,848"
03/30/2023 12:25 PM EDT,"5,076"
03/30/2023 12:30 PM EDT,"5,184"
03/30/2023 12:35 PM EDT,"5,244"
03/30/2023 12:40 PM EDT,"5,232"
03/30/2023 12:45 PM EDT,"5,160"
03/30/2023 12:50 PM EDT,"5,136"
03/30/2023 12:55 PM EDT,"5,112"
03/30/2023 01:00 PM EDT,"5,004"
03/30/2023 01:05 PM EDT,"4,920"
03/30/2023 01:10 PM EDT,"4,836"
03/30/2023 01:15 PM EDT,"4,752"
03/30/2023 01:20 PM EDT,"4,680"
03/30/2023 01:25 PM EDT,"4,668"
03/30/2023 01:30 PM EDT,"4,644"
03/30/2023 01:35 PM EDT,"4,644"
03/30/2023 01:40 PM EDT,"4,704"
03/30/2023 01:45 PM EDT,"4,776"
03/30/2023 01:50 PM EDT,"4,920"
03/30/2023 01:55 PM EDT,"4,956"
03/30/2023 02:00 PM EDT,"4,920"
03/30/2023 02:05 PM EDT,"5,004"
03/30/2023 02:10 PM EDT,"5,016"
03/30/2023 02:15 PM EDT,"5,040"
03/30/2023 02:20 PM EDT,"5,052"
03/30/2023 02:25 PM EDT,"5,064"
03/30/2023 02:30 PM EDT,"5,100"
03/30/2023 02:35 PM EDT,"5,160"
03/30/2023 02:40 PM EDT,"5,220"
03/30/2023 02:45 PM EDT,"5,280"
03/30/2023 02:50 PM EDT,"5,328"
03/30/2023 02:55 PM EDT,"5,292"
03/30/2023 03:00 PM EDT,"5,256"
03/30/2023 03:05 PM EDT,"5,208"
03/30/2023 03:10 PM EDT,"5,160"
03/30/2023 03:15 PM EDT,"5,076"
03/30/2023 03:20 PM EDT,"4,968"
03/30/2023 03:25 PM EDT,"4,944"
03/30/2023 03:30 PM EDT,"4,812"
03/30/2023 03:35 PM EDT,"4,764"
03/30/2023 03:40 PM EDT,"4,668"
03/30/2023 03:45 PM EDT,"4,560"
03/30/2023 03:50 PM EDT,"4,476"
03/30/2023 03:55 PM EDT,"4,368"
03/30/2023 04:00 PM EDT,"4,296"
03/30/2023 04:05 PM EDT,"4,152"
03/30/2023 04:10 PM EDT,"3,732"
03/30/2023 04:15 PM EDT,"3,312"
03/30/2023 04:20 PM EDT,"3,012"
03/30/2023 04:25 PM EDT,"2,724"
03/30/2023 04:30 PM EDT,"2,460"
03/30/2023 04:35 PM EDT,"2,112"
03/30/2023 04:40 PM EDT,"1,800"
03/30/2023 04:45 PM EDT,"1,428"
03/30/2023 04:50 PM EDT,948
03/30/2023 04:55 PM EDT,528
03/30/2023 05:00 PM EDT,420
03/30/2023 05:05 PM EDT,492
03/30/2023 05:10 PM EDT,540
03/30/2023 05:15 PM EDT,648
03/30/2023 05:20 PM EDT,708
03/30/2023 05:25 PM EDT,576
03/30/2023 05:30 PM EDT,384
03/30/2023 05:35 PM EDT,312
03/30/2023 05:40 PM EDT,288
03/30/2023 05:45 PM EDT,264
03/30/2023 05:50 PM EDT,252
03/30/2023 05:55 PM EDT,228
03/30/2023 06:00 PM EDT,228
03/30/2023 06:05 PM EDT,228
03/30/2023 06:10 PM EDT,216
03/30/2023 06:15 PM EDT,204
03/30/2023 06:20 PM EDT,180
03/30/2023 06:25 PM EDT,168
03/30/2023 06:30 PM EDT,156
03/30/2023 06:35 PM EDT,144
03/30/2023 06:40 PM EDT,132
03/30/2023 06:45 PM EDT,120
03/30/2023 06:50 PM EDT,96
03/30/2023 06:55 PM EDT,96
03/30/2023 07:00 PM EDT,84
03/30/2023 07:05 PM EDT,60
03/30/2023 07:10 PM EDT,60
03/30/2023 07:15 PM EDT,36
03/30/2023 07:20 PM EDT,12
03/30/2023 07:25 PM EDT,24
03/30/2023 07:30 PM EDT,0
03/30/2023 07:35 PM EDT,0
03/30/2023 07:40 PM EDT,0
03/30/2023 07:45 PM EDT,0
03/30/2023 07:50 PM EDT,0
03/30/2023 07:55 PM EDT,0
03/30/2023 08:00 PM EDT,0
03/30/2023 08:05 PM EDT,0
03/30/2023 08:10 PM EDT,0
03/30/2023 08:15 PM EDT,0
03/30/2023 08:20 PM EDT,0
03/30/2023 08:25 PM EDT,0
03/30/2023 08:30 PM EDT,0
03/30/2023 08:35 PM EDT,0
03/30/2023 08:40 PM EDT,0
03/30/2023 08:45 PM EDT,0
03/30/2023 08:50 PM EDT,0
03/30/2023 08:55 PM EDT,0
03/30/2023 09:00 PM EDT,0
03/30/2023 09:05 PM EDT,0
03/30/2023 09:10 PM EDT,0
03/30/2023 09:15 PM EDT,0
03/30/2023 09:20 PM EDT,0
03/30/2023 09:25 PM EDT,0
03/30/2023 09:30 PM EDT,0
03/30/2023 09:35 PM EDT,0
03/30/2023 09:40 PM EDT,0
03/30/2023 09:45 PM EDT,0
03/30/2023 09:50 PM EDT,0
03/30/2023 09:55 PM EDT,0
03/30/2023 10:00 PM EDT,0
03/30/2023 10:05 PM EDT,0
03/30/2023 10:10 PM EDT,0
03/30/2023 10:15 PM EDT,0
03/30/2023 10:20 PM EDT,0
03/30/2023 10:25 PM EDT,0
03/30/2023 10:30 PM EDT,0
03/30/2023 10:35 PM EDT,0
03/30/2023 10:40 PM EDT,0
03/30/2023 10:45 PM EDT,0
03/30/2023 10:50 PM EDT,0
03/30/2023 10:55 PM EDT,0
03/30/2023 11:00 PM EDT,0
03/30/2023 11:05 PM EDT,0
03/30/2023 11:10 PM EDT,0
03/30/2023 11:15 PM EDT,0
03/30/2023 11:20 PM EDT,0
03/30/2023 11:25 PM EDT,0
03/30/2023 11:30 PM EDT,0
03/30/2023 11:35 PM EDT,0
03/30/2023 11:40 PM EDT,0
03/30/2023 11:45 PM EDT,0
03/30/2023 11:50 PM EDT,0
03/30/2023 11:55 PM EDT,0
03/31/2023 12:00 AM EDT,0
03/31/2023 12:05 AM EDT,0
03/31/2023 12:10 AM EDT,0
03/31/2023 12:15 AM EDT,0
03/31/2023 12:20 AM EDT,0
03/31/2023 12:25 AM EDT,0
03/31/2023 12:30 AM EDT,0
03/31/2023 12:35 AM EDT,0
03/31/2023 12:40 AM EDT,0
03/31/2023 12:45 AM EDT,0
03/31/2023 12:50 AM EDT,0
03/31/2023 12:55 AM EDT,0
03/31/2023 01:00 AM EDT,0
03/31/2023 01:05 AM EDT,0
03/31/2023 01:10 AM EDT,0
03/31/2023 01:15 AM EDT,0
03/31/2023 01:20 AM EDT,0
03/31/2023 01:25 AM EDT,0
03/31/2023 01:30 AM EDT,0
03/31/2023 01:35 AM EDT,0
03/31/2023 01:40 AM EDT,0
03/31/2023 01:45 AM EDT,0
03/31/2023 01:50 AM EDT,0
03/31/2023 01:55 AM EDT,0
03/31/2023 02:00 AM EDT,0
03/31/2023 02:05 AM EDT,0
03/31/2023 02:10 AM EDT,0
03/31/2023 02:15 AM EDT,0
03/31/2023 02:20 AM EDT,0
03/31/2023 02:25 AM EDT,0
03/31/2023 02:30 AM EDT,0
03/31/2023 02:35 AM EDT,0
03/31/2023 02:40 AM EDT,0
03/31/2023 02:45 AM EDT,0
03/31/2023 02:50 AM EDT,0
03/31/2023 02:55 AM EDT,0
03/31/2023 03:00 AM EDT,0
03/31/2023 03:05 AM EDT,0
03/31/2023 03:10 AM EDT,0
03/31/2023 03:15 AM EDT,0
03/31/2023 03:20 AM EDT,0
03/31/2023 03:25 AM EDT,0
03/31/2023 03:30 AM EDT,0
03/31/2023 03:35 AM EDT,0
03/31/2023 03:40 AM EDT,0
03/31/2023 03:45 AM EDT,0
03/31/2023 03:50 AM EDT,0
03/31/2023 03:55 AM EDT,0
03/31/2023 04:00 AM EDT,0
03/31/2023 04:05 AM EDT,0
03/31/2023 04:10 AM EDT,0
03/31/2023 04:15 AM EDT,0
03/31/2023 04:20 AM EDT,0
03/31/2023 04:25 AM EDT,0
03/31/2023 04:30 AM EDT,0
03/31/2023 04:35 AM EDT,0
03/31/2023 04:40 AM EDT,0
03/31/2023 04:45 AM EDT,0
03/31/2023 04:50 AM EDT,0
03/31/2023 04:55 AM EDT,0
03/31/2023 05:00 AM EDT,0
03/31/2023 05:05 AM EDT,0
03/31/2023 05:10 AM EDT,0
03/31/2023 05:15 AM EDT,0
03/31/2023 05:20 AM EDT,0
03/31/2023 05:25 AM EDT,0
03/31/2023 05:30 AM EDT,0
03/31/2023 05:35 AM EDT,0
03/31/2023 05:40 AM EDT,0
03/31/2023 05:45 AM EDT,0
03/31/2023 05:50 AM EDT,0
03/31/2023 05:55 AM EDT,0
03/31/2023 06:00 AM EDT,0
03/31/2023 06:05 AM EDT,0
03/31/2023 06:10 AM EDT,0
03/31/2023 06:15 AM EDT,0
03/31/2023 06:20 AM EDT,0
03/31/2023 06:25 AM EDT,0
03/31/2023 06:30 AM EDT,0
03/31/2023 06:35 AM EDT,0
03/31/2023 06:40 AM EDT,0
03/31/2023 06:45 AM EDT,0
03/31/2023 06:50 AM EDT,0
03/31/2023 06:55 AM EDT,0
03/31/2023 07:00 AM EDT,0
03/31/2023 07:05 AM EDT,0
03/31/2023 07:10 AM EDT,0
03/31/2023 07:15 AM EDT,0
03/31/2023 07:20 AM EDT,8
03/31/2023 07:25 AM EDT,8
03/31/2023 07:30 AM EDT,8
03/31/2023 07:35 AM EDT,80
03/31/2023 07:40 AM EDT,80
03/31/2023 07:45 AM EDT,80
03/31/2023 07:50 AM EDT,136
03/31/2023 07:55 AM EDT,136
03/31/2023 08:00 AM EDT,136
03/31/2023 08:05 AM EDT,392
03/31/2023 08:10 AM EDT,392
03/31/2023 08:15 AM EDT,392
03/31/2023 08:20 AM EDT,524
03/31/2023 08:25 AM EDT,524
03/31/2023 08:30 AM EDT,524
03/31/2023 08:35 AM EDT,704
03/31/2023 08:40 AM EDT,704
03/31/2023 08:45 AM EDT,704
03/31/2023 08:50 AM EDT,632
03/31/2023 08:55 AM EDT,632
03/31/2023 09:00 AM EDT,632
03/31/2023 09:05 AM EDT,"1,476"
03/31/2023 09:10 AM EDT,"1,476"
03/31/2023 09:15 AM EDT,"1,476"
03/31/2023 09:20 AM EDT,"1,944"
03/31/2023 09:25 AM EDT,"1,944"
03/31/2023 09:30 AM EDT,"1,944"
03/31/2023 09:35 AM EDT,"1,004"
03/31/2023 09:40 AM EDT,"1,004"
03/31/2023 09:45 AM EDT,"1,004"
03/31/2023 09:50 AM EDT,"1,036"
03/31/2023 09:55 AM EDT,"1,036"
03/31/2023 10:00 AM EDT,"1,036"
03/31/2023 10:05 AM EDT,"1,844"
03/31/2023 10:10 AM EDT,"1,844"
03/31/2023 10:15 AM EDT,"1,844"
03/31/2023 10:20 AM EDT,"1,496"
03/31/2023 10:25 AM EDT,"1,496"
03/31/2023 10:30 AM EDT,"1,496"
03/31/2023 10:35 AM EDT,"1,624"
03/31/2023 10:40 AM EDT,"1,624"
03/31/2023 10:45 AM EDT,"1,624"
03/31/2023 10:50 AM EDT,"2,528"
03/31/2023 10:55 AM EDT,"2,528"
03/31/2023 11:00 AM EDT,"2,528"
03/31/2023 11:05 AM EDT,"2,308"
03/31/2023 11:10 AM EDT,"2,308"
03/31/2023 11:15 AM EDT,"2,308"
03/31/2023 11:20 AM EDT,"1,776"
03/31/2023 11:25 AM EDT,"1,776"
03/31/2023 11:30 AM EDT,"1,776"
03/31/2023 11:35 AM EDT,"1,700"
03/31/2023 11:40 AM EDT,"1,700"
03/31/2023 11:45 AM EDT,"1,700"
03/31/2023 11:50 AM EDT,"1,720"
03/31/2023 11:55 AM EDT,"1,720"
03/31/2023 12:00 PM EDT,"1,720"
03/31/2023 12:05 PM EDT,"1,900"
03/31/2023 12:10 PM EDT,"1,900"
03/31/2023 12:15 PM EDT,"1,900"
03/31/2023 12:20 PM EDT,"1,200"
03/31/2023 12:25 PM EDT,"1,200"
03/31/2023 12:30 PM EDT,"1,200"
03/31/2023 12:35 PM EDT,988
03/31/2023 12:40 PM EDT,988
03/31/2023 12:45 PM EDT,988
03/31/2023 12:50 PM EDT,"1,000"
03/31/2023 12:55 PM EDT,"1,000"
03/31/2023 01:00 PM EDT,"1,000"
03/31/2023 01:05 PM EDT,"1,800"
03/31/2023 01:10 PM EDT,"1,800"
03/31/2023 01:15 PM EDT,"1,800"
03/31/2023 01:20 PM EDT,"1,528"
03/31/2023 01:25 PM EDT,"1,528"
03/31/2023 01:30 PM EDT,"1,528"
03/31/2023 01:35 PM EDT,932
03/31/2023 01:40 PM EDT,932
03/31/2023 01:45 PM EDT,932
03/31/2023 01:50 PM EDT,752
03/31/2023 01:55 PM EDT,752
03/31/2023 02:00 PM EDT,752
03/31/2023 02:05 PM EDT,672
03/31/2023 02:10 PM EDT,672
03/31/2023 02:15 PM EDT,672
03/31/2023 02:20 PM EDT,840
03/31/2023 02:25 PM EDT,840
03/31/2023 02:30 PM EDT,840
03/31/2023 02:35 PM EDT,760
03/31/2023 02:40 PM EDT,760
03/31/2023 02:45 PM EDT,760
03/31/2023 02:50 PM EDT,612
03/31/2023 02:55 PM EDT,612
03/31/2023 03:00 PM EDT,612
03/31/2023 03:05 PM EDT,416
03/31/2023 03:10 PM EDT,416
03/31/2023 03:15 PM EDT,416
03/31/2023 03:20 PM EDT,688
03/31/2023 03:25 PM EDT,688
03/31/2023 03:30 PM EDT,688
03/31/2023 03:35 PM EDT,"1,192"
03/31/2023 03:40 PM EDT,"1,192"
03/31/2023 03:45 PM EDT,"1,192"
03/31/2023 03:50 PM EDT,"1,552"
03/31/2023 03:55 PM EDT,"1,552"
03/31/2023 04:00 PM EDT,"1,552"
03/31/2023 04:05 PM EDT,856
03/31/2023 04:10 PM EDT,856
03/31/2023 04:15 PM EDT,856
03/31/2023 04:20 PM EDT,784
03/31/2023 04:25 PM EDT,784
03/31/2023 04:30 PM EDT,784
03/31/2023 04:35 PM EDT,"1,008"
03/31/2023 04:40 PM EDT,"1,008"
03/31/2023 04:45 PM EDT,"1,008"
03/31/2023 04:50 PM EDT,748
03/31/2023 04:55 PM EDT,748
03/31/2023 05:00 PM EDT,748
03/31/2023 05:05 PM EDT,400
03/31/2023 05:10 PM EDT,400
03/31/2023 05:15 PM EDT,400
03/31/2023 05:20 PM EDT,576
03/31/2023 05:25 PM EDT,576
03/31/2023 05:30 PM EDT,576
03/31/2023 05:35 PM EDT,464
03/31/2023 05:40 PM EDT,464
03/31/2023 05:45 PM EDT,464
03/31/2023 05:50 PM EDT,352
03/31/2023 05:55 PM EDT,352
03/31/2023 06:00 PM EDT,352
03/31/2023 06:05 PM EDT,184
03/31/2023 06:10 PM EDT,184
03/31/2023 06:15 PM EDT,184
03/31/2023 06:20 PM EDT,88
03/31/2023 06:25 PM EDT,88
03/31/2023 06:30 PM EDT,88
03/31/2023 06:35 PM EDT,36
03/31/2023 06:40 PM EDT,36
03/31/2023 06:45 PM EDT,36
03/31/2023 06:50 PM EDT,24
03/31/2023 06:55 PM EDT,24
03/31/2023 07:00 PM EDT,24
03/31/2023 07:05 PM EDT,4
03/31/2023 07:10 PM EDT,4
03/31/2023 07:15 PM EDT,4
03/31/2023 07:20 PM EDT,0
03/31/2023 07:25 PM EDT,0
03/31/2023 07:30 PM EDT,0
03/31/2023 07:35 PM EDT,0
03/31/2023 07:40 PM EDT,0
03/31/2023 07:45 PM EDT,0
03/31/2023 07:50 PM EDT,0
03/31/2023 07:55 PM EDT,0
03/31/2023 08:00 PM EDT,0
03/31/2023 08:05 PM EDT,0
03/31/2023 08:10 PM EDT,0
03/31/2023 08:15 PM EDT,0
03/31/2023 08:20 PM EDT,0
03/31/2023 08:25 PM EDT,0
03/31/2023 08:30 PM EDT,0
03/31/2023 08:35 PM EDT,0
03/31/2023 08:40 PM EDT,0
03/31/2023 08:45 PM EDT,0
03/31/2023 08:50 PM EDT,0
03/31/2023 08:55 PM EDT,0
03/31/2023 09:00 PM EDT,0
03/31/2023 09:05 PM EDT,0
03/31/2023 09:10 PM EDT,0
03/31/2023 09:15 PM EDT,0
03/31/2023 09:20 PM EDT,0
03/31/2023 09:25 PM EDT,0
03/31/2023 09:30 PM EDT,0
03/31/2023 09:35 PM EDT,0
03/31/2023 09:40 PM EDT,0
03/31/2023 09:45 PM EDT,0
03/31/2023 09:50 PM EDT,0
03/31/2023 09:55 PM EDT,0
03/31/2023 10:00 PM EDT,0
03/31/2023 10:05 PM EDT,0
03/31/2023 10:10 PM EDT,0
03/31/2023 10:15 PM EDT,0
03/31/2023 10:20 PM EDT,0
03/31/2023 10:25 PM EDT,0
03/31/2023 10:30 PM EDT,0
03/31/2023 10:35 PM EDT,0
03/31/2023 10:40 PM EDT,0
03/31/2023 10:45 PM EDT,0
03/31/2023 10:50 PM EDT,0
03/31/2023 10:55 PM EDT,0
03/31/2023 11:00 PM EDT,0
03/31/2023 11:05 PM EDT,0
03/31/2023 11:10 PM EDT,0
03/31/2023 11:15 PM EDT,0
03/31/2023 11:20 PM EDT,0
03/31/2023 11:25 PM EDT,0
03/31/2023 11:30 PM EDT,0
03/31/2023 11:35 PM EDT,0
03/31/2023 11:40 PM EDT,0
03/31/2023 11:45 PM EDT,0
03/31/2023 11:50 PM EDT,0
03/31/2023 11:55 PM EDT,0
04/01/2023 12:00 AM EDT,0
