Date/Time,Average Real Power (W)
05/25/2023 12:05 AM EDT,0
05/25/2023 12:10 AM EDT,0
05/25/2023 12:15 AM EDT,0
05/25/2023 12:20 AM EDT,0
05/25/2023 12:25 AM EDT,0
05/25/2023 12:30 AM EDT,0
05/25/2023 12:35 AM EDT,0
05/25/2023 12:40 AM EDT,0
05/25/2023 12:45 AM EDT,0
05/25/2023 12:50 AM EDT,0
05/25/2023 12:55 AM EDT,0
05/25/2023 01:00 AM EDT,0
05/25/2023 01:05 AM EDT,0
05/25/2023 01:10 AM EDT,0
05/25/2023 01:15 AM EDT,0
05/25/2023 01:20 AM EDT,0
05/25/2023 01:25 AM EDT,0
05/25/2023 01:30 AM EDT,0
05/25/2023 01:35 AM EDT,0
05/25/2023 01:40 AM EDT,0
05/25/2023 01:45 AM EDT,0
05/25/2023 01:50 AM EDT,0
05/25/2023 01:55 AM EDT,0
05/25/2023 02:00 AM EDT,0
05/25/2023 02:05 AM EDT,0
05/25/2023 02:10 AM EDT,0
05/25/2023 02:15 AM EDT,0
05/25/2023 02:20 AM EDT,0
05/25/2023 02:25 AM EDT,0
05/25/2023 02:30 AM EDT,0
05/25/2023 02:35 AM EDT,0
05/25/2023 02:40 AM EDT,0
05/25/2023 02:45 AM EDT,0
05/25/2023 02:50 AM EDT,0
05/25/2023 02:55 AM EDT,0
05/25/2023 03:00 AM EDT,0
05/25/2023 03:05 AM EDT,0
05/25/2023 03:10 AM EDT,0
05/25/2023 03:15 AM EDT,0
05/25/2023 03:20 AM EDT,0
05/25/2023 03:25 AM EDT,0
05/25/2023 03:30 AM EDT,0
05/25/2023 03:35 AM EDT,0
05/25/2023 03:40 AM EDT,0
05/25/2023 03:45 AM EDT,0
05/25/2023 03:50 AM EDT,0
05/25/2023 03:55 AM EDT,0
05/25/2023 04:00 AM EDT,0
05/25/2023 04:05 AM EDT,0
05/25/2023 04:10 AM EDT,0
05/25/2023 04:15 AM EDT,0
05/25/2023 04:20 AM EDT,0
05/25/2023 04:25 AM EDT,0
05/25/2023 04:30 AM EDT,0
05/25/2023 04:35 AM EDT,0
05/25/2023 04:40 AM EDT,0
05/25/2023 04:45 AM EDT,0
05/25/2023 04:50 AM EDT,0
05/25/2023 04:55 AM EDT,0
05/25/2023 05:00 AM EDT,0
05/25/2023 05:05 AM EDT,0
05/25/2023 05:10 AM EDT,0
05/25/2023 05:15 AM EDT,0
05/25/2023 05:20 AM EDT,0
05/25/2023 05:25 AM EDT,0
05/25/2023 05:30 AM EDT,0
05/25/2023 05:35 AM EDT,0
05/25/2023 05:40 AM EDT,0
05/25/2023 05:45 AM EDT,0
05/25/2023 05:50 AM EDT,0
05/25/2023 05:55 AM EDT,0
05/25/2023 06:00 AM EDT,0
05/25/2023 06:05 AM EDT,0
05/25/2023 06:10 AM EDT,0
05/25/2023 06:15 AM EDT,0
05/25/2023 06:20 AM EDT,2
05/25/2023 06:25 AM EDT,7
05/25/2023 06:30 AM EDT,21
05/25/2023 06:35 AM EDT,51
05/25/2023 06:40 AM EDT,89
05/25/2023 06:45 AM EDT,124
05/25/2023 06:50 AM EDT,161
05/25/2023 06:55 AM EDT,184
05/25/2023 07:00 AM EDT,199
05/25/2023 07:05 AM EDT,214
05/25/2023 07:10 AM EDT,223
05/25/2023 07:15 AM EDT,233
05/25/2023 07:20 AM EDT,249
05/25/2023 07:25 AM EDT,268
05/25/2023 07:30 AM EDT,284
05/25/2023 07:35 AM EDT,310
05/25/2023 07:40 AM EDT,351
05/25/2023 07:45 AM EDT,422
05/25/2023 07:50 AM EDT,471
05/25/2023 07:55 AM EDT,514
05/25/2023 08:00 AM EDT,570
05/25/2023 08:05 AM EDT,619
05/25/2023 08:10 AM EDT,648
05/25/2023 08:15 AM EDT,649
05/25/2023 08:20 AM EDT,620
05/25/2023 08:25 AM EDT,574
05/25/2023 08:30 AM EDT,549
05/25/2023 08:35 AM EDT,576
05/25/2023 08:40 AM EDT,621
05/25/2023 08:45 AM EDT,699
05/25/2023 08:50 AM EDT,818
05/25/2023 08:55 AM EDT,979
05/25/2023 09:00 AM EDT,"1,167"
05/25/2023 09:05 AM EDT,"1,411"
05/25/2023 09:10 AM EDT,"1,447"
05/25/2023 09:15 AM EDT,"1,223"
05/25/2023 09:20 AM EDT,"1,226"
05/25/2023 09:25 AM EDT,"1,265"
05/25/2023 09:30 AM EDT,"1,153"
05/25/2023 09:35 AM EDT,"1,253"
05/25/2023 09:40 AM EDT,"1,613"
05/25/2023 09:45 AM EDT,"2,652"
05/25/2023 09:50 AM EDT,"2,631"
05/25/2023 09:55 AM EDT,"2,185"
05/25/2023 10:00 AM EDT,"1,986"
05/25/2023 10:05 AM EDT,"2,408"
05/25/2023 10:10 AM EDT,"3,141"
05/25/2023 10:15 AM EDT,"3,069"
05/25/2023 10:20 AM EDT,"2,641"
05/25/2023 10:25 AM EDT,"3,396"
05/25/2023 10:30 AM EDT,"3,218"
05/25/2023 10:35 AM EDT,"3,618"
05/25/2023 10:40 AM EDT,"3,510"
05/25/2023 10:45 AM EDT,"3,945"
05/25/2023 10:50 AM EDT,"4,323"
05/25/2023 10:55 AM EDT,"3,627"
05/25/2023 11:00 AM EDT,"2,418"
05/25/2023 11:05 AM EDT,"2,129"
05/25/2023 11:10 AM EDT,"2,229"
05/25/2023 11:15 AM EDT,"2,301"
05/25/2023 11:20 AM EDT,"2,373"
05/25/2023 11:25 AM EDT,"4,307"
05/25/2023 11:30 AM EDT,"4,623"
05/25/2023 11:35 AM EDT,"5,089"
05/25/2023 11:40 AM EDT,"4,914"
05/25/2023 11:45 AM EDT,"4,621"
05/25/2023 11:50 AM EDT,"4,657"
05/25/2023 11:55 AM EDT,"4,392"
05/25/2023 12:00 PM EDT,"3,125"
05/25/2023 12:05 PM EDT,"3,904"
05/25/2023 12:10 PM EDT,"3,778"
05/25/2023 12:15 PM EDT,"4,262"
05/25/2023 12:20 PM EDT,"4,385"
05/25/2023 12:25 PM EDT,"3,890"
05/25/2023 12:30 PM EDT,"2,893"
05/25/2023 12:35 PM EDT,"2,770"
05/25/2023 12:40 PM EDT,"2,861"
05/25/2023 12:45 PM EDT,"2,833"
05/25/2023 12:50 PM EDT,"3,140"
05/25/2023 12:55 PM EDT,"3,429"
05/25/2023 01:00 PM EDT,"3,046"
05/25/2023 01:05 PM EDT,"2,158"
05/25/2023 01:10 PM EDT,"2,937"
05/25/2023 01:15 PM EDT,"2,119"
05/25/2023 01:20 PM EDT,"1,921"
05/25/2023 01:25 PM EDT,"1,884"
05/25/2023 01:30 PM EDT,"2,050"
05/25/2023 01:35 PM EDT,"2,765"
05/25/2023 01:40 PM EDT,"3,333"
05/25/2023 01:45 PM EDT,"2,877"
05/25/2023 01:50 PM EDT,"2,713"
05/25/2023 01:55 PM EDT,"3,032"
05/25/2023 02:00 PM EDT,"4,121"
05/25/2023 02:05 PM EDT,"5,026"
05/25/2023 02:10 PM EDT,"4,529"
05/25/2023 02:15 PM EDT,"4,310"
05/25/2023 02:20 PM EDT,"4,317"
05/25/2023 02:25 PM EDT,"3,607"
05/25/2023 02:30 PM EDT,"2,712"
05/25/2023 02:35 PM EDT,"2,189"
05/25/2023 02:40 PM EDT,"2,122"
05/25/2023 02:45 PM EDT,"2,050"
05/25/2023 02:50 PM EDT,"2,001"
05/25/2023 02:55 PM EDT,"1,835"
05/25/2023 03:00 PM EDT,"1,686"
05/25/2023 03:05 PM EDT,"1,714"
05/25/2023 03:10 PM EDT,"1,648"
05/25/2023 03:15 PM EDT,"1,591"
05/25/2023 03:20 PM EDT,"1,530"
05/25/2023 03:25 PM EDT,"1,447"
05/25/2023 03:30 PM EDT,"1,373"
05/25/2023 03:35 PM EDT,"1,301"
05/25/2023 03:40 PM EDT,"1,234"
05/25/2023 03:45 PM EDT,"1,189"
05/25/2023 03:50 PM EDT,"1,234"
05/25/2023 03:55 PM EDT,"1,388"
05/25/2023 04:00 PM EDT,"1,523"
05/25/2023 04:05 PM EDT,"1,550"
05/25/2023 04:10 PM EDT,"1,421"
05/25/2023 04:15 PM EDT,"1,272"
05/25/2023 04:20 PM EDT,"1,155"
05/25/2023 04:25 PM EDT,"1,011"
05/25/2023 04:30 PM EDT,984
05/25/2023 04:35 PM EDT,"1,059"
05/25/2023 04:40 PM EDT,"1,119"
05/25/2023 04:45 PM EDT,"1,115"
05/25/2023 04:50 PM EDT,"1,154"
05/25/2023 04:55 PM EDT,"1,221"
05/25/2023 05:00 PM EDT,"1,437"
05/25/2023 05:05 PM EDT,"1,476"
05/25/2023 05:10 PM EDT,"1,327"
05/25/2023 05:15 PM EDT,"1,221"
05/25/2023 05:20 PM EDT,"1,113"
05/25/2023 05:25 PM EDT,997
05/25/2023 05:30 PM EDT,"1,019"
05/25/2023 05:35 PM EDT,"1,331"
05/25/2023 05:40 PM EDT,"1,156"
05/25/2023 05:45 PM EDT,"1,315"
05/25/2023 05:50 PM EDT,"1,376"
05/25/2023 05:55 PM EDT,"1,088"
05/25/2023 06:00 PM EDT,845
05/25/2023 06:05 PM EDT,845
05/25/2023 06:10 PM EDT,910
05/25/2023 06:15 PM EDT,886
05/25/2023 06:20 PM EDT,841
05/25/2023 06:25 PM EDT,671
05/25/2023 06:30 PM EDT,571
05/25/2023 06:35 PM EDT,353
05/25/2023 06:40 PM EDT,289
05/25/2023 06:45 PM EDT,279
05/25/2023 06:50 PM EDT,319
05/25/2023 06:55 PM EDT,372
05/25/2023 07:00 PM EDT,374
05/25/2023 07:05 PM EDT,312
05/25/2023 07:10 PM EDT,250
05/25/2023 07:15 PM EDT,243
05/25/2023 07:20 PM EDT,214
05/25/2023 07:25 PM EDT,196
05/25/2023 07:30 PM EDT,177
05/25/2023 07:35 PM EDT,143
05/25/2023 07:40 PM EDT,113
05/25/2023 07:45 PM EDT,76
05/25/2023 07:50 PM EDT,45
05/25/2023 07:55 PM EDT,36
05/25/2023 08:00 PM EDT,32
05/25/2023 08:05 PM EDT,22
05/25/2023 08:10 PM EDT,6
05/25/2023 08:15 PM EDT,0
05/25/2023 08:20 PM EDT,0
05/25/2023 08:25 PM EDT,0
05/25/2023 08:30 PM EDT,0
05/25/2023 08:35 PM EDT,0
05/25/2023 08:40 PM EDT,0
05/25/2023 08:45 PM EDT,0
05/25/2023 08:50 PM EDT,0
05/25/2023 08:55 PM EDT,0
05/25/2023 09:00 PM EDT,0
05/25/2023 09:05 PM EDT,0
05/25/2023 09:10 PM EDT,0
05/25/2023 09:15 PM EDT,0
05/25/2023 09:20 PM EDT,0
05/25/2023 09:25 PM EDT,0
05/25/2023 09:30 PM EDT,0
05/25/2023 09:35 PM EDT,0
05/25/2023 09:40 PM EDT,0
05/25/2023 09:45 PM EDT,0
05/25/2023 09:50 PM EDT,0
05/25/2023 09:55 PM EDT,0
05/25/2023 10:00 PM EDT,0
05/25/2023 10:05 PM EDT,0
05/25/2023 10:10 PM EDT,0
05/25/2023 10:15 PM EDT,0
05/25/2023 10:20 PM EDT,0
05/25/2023 10:25 PM EDT,0
05/25/2023 10:30 PM EDT,0
05/25/2023 10:35 PM EDT,0
05/25/2023 10:40 PM EDT,0
05/25/2023 10:45 PM EDT,0
05/25/2023 10:50 PM EDT,0
05/25/2023 10:55 PM EDT,0
05/25/2023 11:00 PM EDT,0
05/25/2023 11:05 PM EDT,0
05/25/2023 11:10 PM EDT,0
05/25/2023 11:15 PM EDT,0
05/25/2023 11:20 PM EDT,0
05/25/2023 11:25 PM EDT,0
05/25/2023 11:30 PM EDT,0
05/25/2023 11:35 PM EDT,0
05/25/2023 11:40 PM EDT,0
05/25/2023 11:45 PM EDT,0
05/25/2023 11:50 PM EDT,0
05/25/2023 11:55 PM EDT,0
05/26/2023 12:00 AM EDT,0
05/26/2023 12:05 AM EDT,0
05/26/2023 12:10 AM EDT,0
05/26/2023 12:15 AM EDT,0
05/26/2023 12:20 AM EDT,0
05/26/2023 12:25 AM EDT,0
05/26/2023 12:30 AM EDT,0
05/26/2023 12:35 AM EDT,0
05/26/2023 12:40 AM EDT,0
05/26/2023 12:45 AM EDT,0
05/26/2023 12:50 AM EDT,0
05/26/2023 12:55 AM EDT,0
05/26/2023 01:00 AM EDT,0
05/26/2023 01:05 AM EDT,0
05/26/2023 01:10 AM EDT,0
05/26/2023 01:15 AM EDT,0
05/26/2023 01:20 AM EDT,0
05/26/2023 01:25 AM EDT,0
05/26/2023 01:30 AM EDT,0
05/26/2023 01:35 AM EDT,0
05/26/2023 01:40 AM EDT,0
05/26/2023 01:45 AM EDT,0
05/26/2023 01:50 AM EDT,0
05/26/2023 01:55 AM EDT,0
05/26/2023 02:00 AM EDT,0
05/26/2023 02:05 AM EDT,0
05/26/2023 02:10 AM EDT,0
05/26/2023 02:15 AM EDT,0
05/26/2023 02:20 AM EDT,0
05/26/2023 02:25 AM EDT,0
05/26/2023 02:30 AM EDT,0
05/26/2023 02:35 AM EDT,0
05/26/2023 02:40 AM EDT,0
05/26/2023 02:45 AM EDT,0
05/26/2023 02:50 AM EDT,0
05/26/2023 02:55 AM EDT,0
05/26/2023 03:00 AM EDT,0
05/26/2023 03:05 AM EDT,0
05/26/2023 03:10 AM EDT,0
05/26/2023 03:15 AM EDT,0
05/26/2023 03:20 AM EDT,0
05/26/2023 03:25 AM EDT,0
05/26/2023 03:30 AM EDT,0
05/26/2023 03:35 AM EDT,0
05/26/2023 03:40 AM EDT,0
05/26/2023 03:45 AM EDT,0
05/26/2023 03:50 AM EDT,0
05/26/2023 03:55 AM EDT,0
05/26/2023 04:00 AM EDT,0
05/26/2023 04:05 AM EDT,0
05/26/2023 04:10 AM EDT,0
05/26/2023 04:15 AM EDT,0
05/26/2023 04:20 AM EDT,0
05/26/2023 04:25 AM EDT,0
05/26/2023 04:30 AM EDT,0
05/26/2023 04:35 AM EDT,0
05/26/2023 04:40 AM EDT,0
05/26/2023 04:45 AM EDT,0
05/26/2023 04:50 AM EDT,0
05/26/2023 04:55 AM EDT,0
05/26/2023 05:00 AM EDT,0
05/26/2023 05:05 AM EDT,0
05/26/2023 05:10 AM EDT,0
05/26/2023 05:15 AM EDT,0
05/26/2023 05:20 AM EDT,0
05/26/2023 05:25 AM EDT,0
05/26/2023 05:30 AM EDT,0
05/26/2023 05:35 AM EDT,0
05/26/2023 05:40 AM EDT,0
05/26/2023 05:45 AM EDT,0
05/26/2023 05:50 AM EDT,0
05/26/2023 05:55 AM EDT,0
05/26/2023 06:00 AM EDT,0
05/26/2023 06:05 AM EDT,0
05/26/2023 06:10 AM EDT,0
05/26/2023 06:15 AM EDT,0
05/26/2023 06:20 AM EDT,3
05/26/2023 06:25 AM EDT,16
05/26/2023 06:30 AM EDT,39
05/26/2023 06:35 AM EDT,61
05/26/2023 06:40 AM EDT,96
05/26/2023 06:45 AM EDT,119
05/26/2023 06:50 AM EDT,144
05/26/2023 06:55 AM EDT,170
05/26/2023 07:00 AM EDT,194
05/26/2023 07:05 AM EDT,225
05/26/2023 07:10 AM EDT,267
05/26/2023 07:15 AM EDT,309
05/26/2023 07:20 AM EDT,352
05/26/2023 07:25 AM EDT,389
05/26/2023 07:30 AM EDT,428
05/26/2023 07:35 AM EDT,448
05/26/2023 07:40 AM EDT,493
05/26/2023 07:45 AM EDT,516
05/26/2023 07:50 AM EDT,535
05/26/2023 07:55 AM EDT,565
05/26/2023 08:00 AM EDT,615
05/26/2023 08:05 AM EDT,666
05/26/2023 08:10 AM EDT,693
05/26/2023 08:15 AM EDT,730
05/26/2023 08:20 AM EDT,790
05/26/2023 08:25 AM EDT,846
05/26/2023 08:30 AM EDT,900
05/26/2023 08:35 AM EDT,960
05/26/2023 08:40 AM EDT,"1,017"
05/26/2023 08:45 AM EDT,"1,082"
05/26/2023 08:50 AM EDT,"1,104"
05/26/2023 08:55 AM EDT,"1,095"
05/26/2023 09:00 AM EDT,"1,094"
05/26/2023 09:05 AM EDT,"1,077"
05/26/2023 09:10 AM EDT,"1,052"
05/26/2023 09:15 AM EDT,"1,457"
05/26/2023 09:20 AM EDT,"1,897"
05/26/2023 09:25 AM EDT,"1,759"
05/26/2023 09:30 AM EDT,"1,927"
05/26/2023 09:35 AM EDT,"2,219"
05/26/2023 09:40 AM EDT,"2,425"
05/26/2023 09:45 AM EDT,"2,674"
05/26/2023 09:50 AM EDT,"3,099"
05/26/2023 09:55 AM EDT,"3,478"
05/26/2023 10:00 AM EDT,"3,358"
05/26/2023 10:05 AM EDT,"3,174"
05/26/2023 10:10 AM EDT,"3,486"
05/26/2023 10:15 AM EDT,"3,834"
05/26/2023 10:20 AM EDT,"4,294"
05/26/2023 10:25 AM EDT,"4,458"
05/26/2023 10:30 AM EDT,"4,621"
05/26/2023 10:35 AM EDT,"4,754"
05/26/2023 10:40 AM EDT,"4,752"
05/26/2023 10:45 AM EDT,"4,502"
05/26/2023 10:50 AM EDT,"4,191"
05/26/2023 10:55 AM EDT,"4,406"
05/26/2023 11:00 AM EDT,"4,972"
05/26/2023 11:05 AM EDT,"4,875"
05/26/2023 11:10 AM EDT,"4,787"
05/26/2023 11:15 AM EDT,"4,452"
05/26/2023 11:20 AM EDT,"4,775"
05/26/2023 11:25 AM EDT,"4,875"
05/26/2023 11:30 AM EDT,"4,929"
05/26/2023 11:35 AM EDT,"4,962"
05/26/2023 11:40 AM EDT,"4,936"
05/26/2023 11:45 AM EDT,"4,793"
05/26/2023 11:50 AM EDT,"4,418"
05/26/2023 11:55 AM EDT,"4,369"
05/26/2023 12:00 PM EDT,"3,904"
05/26/2023 12:05 PM EDT,"2,967"
05/26/2023 12:10 PM EDT,"2,709"
05/26/2023 12:15 PM EDT,"2,790"
05/26/2023 12:20 PM EDT,"2,777"
05/26/2023 12:25 PM EDT,"2,922"
05/26/2023 12:30 PM EDT,"3,145"
05/26/2023 12:35 PM EDT,"3,073"
05/26/2023 12:40 PM EDT,"2,646"
05/26/2023 12:45 PM EDT,"2,650"
05/26/2023 12:50 PM EDT,"3,085"
05/26/2023 12:55 PM EDT,"3,388"
05/26/2023 01:00 PM EDT,"3,198"
05/26/2023 01:05 PM EDT,"3,347"
05/26/2023 01:10 PM EDT,"3,675"
05/26/2023 01:15 PM EDT,"3,946"
05/26/2023 01:20 PM EDT,"4,216"
05/26/2023 01:25 PM EDT,"4,186"
05/26/2023 01:30 PM EDT,"3,716"
05/26/2023 01:35 PM EDT,"2,911"
05/26/2023 01:40 PM EDT,"2,958"
05/26/2023 01:45 PM EDT,"2,753"
05/26/2023 01:50 PM EDT,"2,494"
05/26/2023 01:55 PM EDT,"2,393"
05/26/2023 02:00 PM EDT,"2,377"
05/26/2023 02:05 PM EDT,"2,331"
05/26/2023 02:10 PM EDT,"2,364"
05/26/2023 02:15 PM EDT,"2,402"
05/26/2023 02:20 PM EDT,"2,338"
05/26/2023 02:25 PM EDT,"2,283"
05/26/2023 02:30 PM EDT,"2,302"
05/26/2023 02:35 PM EDT,"2,249"
05/26/2023 02:40 PM EDT,"2,338"
05/26/2023 02:45 PM EDT,"2,587"
05/26/2023 02:50 PM EDT,"2,733"
05/26/2023 02:55 PM EDT,"2,655"
05/26/2023 03:00 PM EDT,"2,551"
05/26/2023 03:05 PM EDT,"2,619"
05/26/2023 03:10 PM EDT,"2,930"
05/26/2023 03:15 PM EDT,"3,266"
05/26/2023 03:20 PM EDT,"3,292"
05/26/2023 03:25 PM EDT,"3,214"
05/26/2023 03:30 PM EDT,"2,767"
05/26/2023 03:35 PM EDT,"2,413"
05/26/2023 03:40 PM EDT,"2,181"
05/26/2023 03:45 PM EDT,"2,058"
05/26/2023 03:50 PM EDT,"1,918"
05/26/2023 03:55 PM EDT,"1,816"
05/26/2023 04:00 PM EDT,"1,809"
05/26/2023 04:05 PM EDT,"1,772"
05/26/2023 04:10 PM EDT,"1,672"
05/26/2023 04:15 PM EDT,"1,605"
05/26/2023 04:20 PM EDT,"1,551"
05/26/2023 04:25 PM EDT,"1,436"
05/26/2023 04:30 PM EDT,"1,323"
05/26/2023 04:35 PM EDT,"1,315"
05/26/2023 04:40 PM EDT,"1,331"
05/26/2023 04:45 PM EDT,"1,264"
05/26/2023 04:50 PM EDT,"1,142"
05/26/2023 04:55 PM EDT,"1,047"
05/26/2023 05:00 PM EDT,"1,022"
05/26/2023 05:05 PM EDT,"1,032"
05/26/2023 05:10 PM EDT,"1,033"
05/26/2023 05:15 PM EDT,"1,030"
05/26/2023 05:20 PM EDT,980
05/26/2023 05:25 PM EDT,879
05/26/2023 05:30 PM EDT,799
05/26/2023 05:35 PM EDT,752
05/26/2023 05:40 PM EDT,707
05/26/2023 05:45 PM EDT,669
05/26/2023 05:50 PM EDT,640
05/26/2023 05:55 PM EDT,614
05/26/2023 06:00 PM EDT,591
05/26/2023 06:05 PM EDT,563
05/26/2023 06:10 PM EDT,536
05/26/2023 06:15 PM EDT,513
05/26/2023 06:20 PM EDT,470
05/26/2023 06:25 PM EDT,418
05/26/2023 06:30 PM EDT,388
05/26/2023 06:35 PM EDT,374
05/26/2023 06:40 PM EDT,372
05/26/2023 06:45 PM EDT,369
05/26/2023 06:50 PM EDT,349
05/26/2023 06:55 PM EDT,315
05/26/2023 07:00 PM EDT,275
05/26/2023 07:05 PM EDT,243
05/26/2023 07:10 PM EDT,221
05/26/2023 07:15 PM EDT,193
05/26/2023 07:20 PM EDT,152
05/26/2023 07:25 PM EDT,119
05/26/2023 07:30 PM EDT,95
05/26/2023 07:35 PM EDT,78
05/26/2023 07:40 PM EDT,64
05/26/2023 07:45 PM EDT,55
05/26/2023 07:50 PM EDT,45
05/26/2023 07:55 PM EDT,32
05/26/2023 08:00 PM EDT,18
05/26/2023 08:05 PM EDT,5
05/26/2023 08:10 PM EDT,0
05/26/2023 08:15 PM EDT,0
05/26/2023 08:20 PM EDT,0
05/26/2023 08:25 PM EDT,0
05/26/2023 08:30 PM EDT,0
05/26/2023 08:35 PM EDT,0
05/26/2023 08:40 PM EDT,0
05/26/2023 08:45 PM EDT,0
05/26/2023 08:50 PM EDT,0
05/26/2023 08:55 PM EDT,0
05/26/2023 09:00 PM EDT,0
05/26/2023 09:05 PM EDT,0
05/26/2023 09:10 PM EDT,0
05/26/2023 09:15 PM EDT,0
05/26/2023 09:20 PM EDT,0
05/26/2023 09:25 PM EDT,0
05/26/2023 09:30 PM EDT,0
05/26/2023 09:35 PM EDT,0
05/26/2023 09:40 PM EDT,0
05/26/2023 09:45 PM EDT,0
05/26/2023 09:50 PM EDT,0
05/26/2023 09:55 PM EDT,0
05/26/2023 10:00 PM EDT,0
05/26/2023 10:05 PM EDT,0
05/26/2023 10:10 PM EDT,0
05/26/2023 10:15 PM EDT,0
05/26/2023 10:20 PM EDT,0
05/26/2023 10:25 PM EDT,0
05/26/2023 10:30 PM EDT,0
05/26/2023 10:35 PM EDT,0
05/26/2023 10:40 PM EDT,0
05/26/2023 10:45 PM EDT,0
05/26/2023 10:50 PM EDT,0
05/26/2023 10:55 PM EDT,0
05/26/2023 11:00 PM EDT,0
05/26/2023 11:05 PM EDT,0
05/26/2023 11:10 PM EDT,0
05/26/2023 11:15 PM EDT,0
05/26/2023 11:20 PM EDT,0
05/26/2023 11:25 PM EDT,0
05/26/2023 11:30 PM EDT,0
05/26/2023 11:35 PM EDT,0
05/26/2023 11:40 PM EDT,0
05/26/2023 11:45 PM EDT,0
05/26/2023 11:50 PM EDT,0
05/26/2023 11:55 PM EDT,0
05/27/2023 12:00 AM EDT,0
05/27/2023 12:05 AM EDT,0
05/27/2023 12:10 AM EDT,0
05/27/2023 12:15 AM EDT,0
05/27/2023 12:20 AM EDT,0
05/27/2023 12:25 AM EDT,0
05/27/2023 12:30 AM EDT,0
05/27/2023 12:35 AM EDT,0
05/27/2023 12:40 AM EDT,0
05/27/2023 12:45 AM EDT,0
05/27/2023 12:50 AM EDT,0
05/27/2023 12:55 AM EDT,0
05/27/2023 01:00 AM EDT,0
05/27/2023 01:05 AM EDT,0
05/27/2023 01:10 AM EDT,0
05/27/2023 01:15 AM EDT,0
05/27/2023 01:20 AM EDT,0
05/27/2023 01:25 AM EDT,0
05/27/2023 01:30 AM EDT,0
05/27/2023 01:35 AM EDT,0
05/27/2023 01:40 AM EDT,0
05/27/2023 01:45 AM EDT,0
05/27/2023 01:50 AM EDT,0
05/27/2023 01:55 AM EDT,0
05/27/2023 02:00 AM EDT,0
05/27/2023 02:05 AM EDT,0
05/27/2023 02:10 AM EDT,0
05/27/2023 02:15 AM EDT,0
05/27/2023 02:20 AM EDT,0
05/27/2023 02:25 AM EDT,0
05/27/2023 02:30 AM EDT,0
05/27/2023 02:35 AM EDT,0
05/27/2023 02:40 AM EDT,0
05/27/2023 02:45 AM EDT,0
05/27/2023 02:50 AM EDT,0
05/27/2023 02:55 AM EDT,0
05/27/2023 03:00 AM EDT,0
05/27/2023 03:05 AM EDT,0
05/27/2023 03:10 AM EDT,0
05/27/2023 03:15 AM EDT,0
05/27/2023 03:20 AM EDT,0
05/27/2023 03:25 AM EDT,0
05/27/2023 03:30 AM EDT,0
05/27/2023 03:35 AM EDT,0
05/27/2023 03:40 AM EDT,0
05/27/2023 03:45 AM EDT,0
05/27/2023 03:50 AM EDT,0
05/27/2023 03:55 AM EDT,0
05/27/2023 04:00 AM EDT,0
05/27/2023 04:05 AM EDT,0
05/27/2023 04:10 AM EDT,0
05/27/2023 04:15 AM EDT,0
05/27/2023 04:20 AM EDT,0
05/27/2023 04:25 AM EDT,0
05/27/2023 04:30 AM EDT,0
05/27/2023 04:35 AM EDT,0
05/27/2023 04:40 AM EDT,0
05/27/2023 04:45 AM EDT,0
05/27/2023 04:50 AM EDT,0
05/27/2023 04:55 AM EDT,0
05/27/2023 05:00 AM EDT,0
05/27/2023 05:05 AM EDT,0
05/27/2023 05:10 AM EDT,0
05/27/2023 05:15 AM EDT,0
05/27/2023 05:20 AM EDT,0
05/27/2023 05:25 AM EDT,0
05/27/2023 05:30 AM EDT,0
05/27/2023 05:35 AM EDT,0
05/27/2023 05:40 AM EDT,0
05/27/2023 05:45 AM EDT,0
05/27/2023 05:50 AM EDT,0
05/27/2023 05:55 AM EDT,0
05/27/2023 06:00 AM EDT,0
05/27/2023 06:05 AM EDT,0
05/27/2023 06:10 AM EDT,0
05/27/2023 06:15 AM EDT,0
05/27/2023 06:20 AM EDT,0
05/27/2023 06:25 AM EDT,0
05/27/2023 06:30 AM EDT,0
05/27/2023 06:35 AM EDT,2
05/27/2023 06:40 AM EDT,10
05/27/2023 06:45 AM EDT,22
05/27/2023 06:50 AM EDT,30
05/27/2023 06:55 AM EDT,45
05/27/2023 07:00 AM EDT,59
05/27/2023 07:05 AM EDT,59
05/27/2023 07:10 AM EDT,69
05/27/2023 07:15 AM EDT,82
05/27/2023 07:20 AM EDT,98
05/27/2023 07:25 AM EDT,109
05/27/2023 07:30 AM EDT,120
05/27/2023 07:35 AM EDT,133
05/27/2023 07:40 AM EDT,150
05/27/2023 07:45 AM EDT,185
05/27/2023 07:50 AM EDT,230
05/27/2023 07:55 AM EDT,280
05/27/2023 08:00 AM EDT,321
05/27/2023 08:05 AM EDT,363
05/27/2023 08:10 AM EDT,388
05/27/2023 08:15 AM EDT,392
05/27/2023 08:20 AM EDT,385
05/27/2023 08:25 AM EDT,379
05/27/2023 08:30 AM EDT,373
05/27/2023 08:35 AM EDT,361
05/27/2023 08:40 AM EDT,363
05/27/2023 08:45 AM EDT,404
05/27/2023 08:50 AM EDT,425
05/27/2023 08:55 AM EDT,470
05/27/2023 09:00 AM EDT,467
05/27/2023 09:05 AM EDT,451
05/27/2023 09:10 AM EDT,412
05/27/2023 09:15 AM EDT,396
05/27/2023 09:20 AM EDT,408
05/27/2023 09:25 AM EDT,434
05/27/2023 09:30 AM EDT,492
05/27/2023 09:35 AM EDT,605
05/27/2023 09:40 AM EDT,654
05/27/2023 09:45 AM EDT,636
05/27/2023 09:50 AM EDT,646
05/27/2023 09:55 AM EDT,739
05/27/2023 10:00 AM EDT,791
05/27/2023 10:05 AM EDT,881
05/27/2023 10:10 AM EDT,967
05/27/2023 10:15 AM EDT,"1,064"
05/27/2023 10:20 AM EDT,"1,176"
05/27/2023 10:25 AM EDT,"1,247"
05/27/2023 10:30 AM EDT,"1,242"
05/27/2023 10:35 AM EDT,"1,207"
05/27/2023 10:40 AM EDT,"1,200"
05/27/2023 10:45 AM EDT,"1,250"
05/27/2023 10:50 AM EDT,"1,219"
05/27/2023 10:55 AM EDT,"1,443"
05/27/2023 11:00 AM EDT,"1,544"
05/27/2023 11:05 AM EDT,"1,626"
05/27/2023 11:10 AM EDT,"1,575"
05/27/2023 11:15 AM EDT,"1,285"
05/27/2023 11:20 AM EDT,"1,111"
05/27/2023 11:25 AM EDT,"1,215"
05/27/2023 11:30 AM EDT,"1,326"
05/27/2023 11:35 AM EDT,"1,145"
05/27/2023 11:40 AM EDT,"1,059"
05/27/2023 11:45 AM EDT,997
05/27/2023 11:50 AM EDT,"1,077"
05/27/2023 11:55 AM EDT,"1,221"
05/27/2023 12:00 PM EDT,"1,259"
05/27/2023 12:05 PM EDT,"1,249"
05/27/2023 12:10 PM EDT,"1,331"
05/27/2023 12:15 PM EDT,"1,469"
05/27/2023 12:20 PM EDT,"1,546"
05/27/2023 12:25 PM EDT,"1,643"
05/27/2023 12:30 PM EDT,"1,435"
05/27/2023 12:35 PM EDT,"1,328"
05/27/2023 12:40 PM EDT,"1,363"
05/27/2023 12:45 PM EDT,"1,545"
05/27/2023 12:50 PM EDT,"1,584"
05/27/2023 12:55 PM EDT,"1,392"
05/27/2023 01:00 PM EDT,"1,149"
05/27/2023 01:05 PM EDT,"1,023"
05/27/2023 01:10 PM EDT,900
05/27/2023 01:15 PM EDT,723
05/27/2023 01:20 PM EDT,643
05/27/2023 01:25 PM EDT,631
05/27/2023 01:30 PM EDT,739
05/27/2023 01:35 PM EDT,872
05/27/2023 01:40 PM EDT,961
05/27/2023 01:45 PM EDT,961
05/27/2023 01:50 PM EDT,880
05/27/2023 01:55 PM EDT,786
05/27/2023 02:00 PM EDT,779
05/27/2023 02:05 PM EDT,823
05/27/2023 02:10 PM EDT,708
05/27/2023 02:15 PM EDT,694
05/27/2023 02:20 PM EDT,616
05/27/2023 02:25 PM EDT,568
05/27/2023 02:30 PM EDT,560
05/27/2023 02:35 PM EDT,571
05/27/2023 02:40 PM EDT,543
05/27/2023 02:45 PM EDT,501
05/27/2023 02:50 PM EDT,467
05/27/2023 02:55 PM EDT,430
05/27/2023 03:00 PM EDT,457
05/27/2023 03:05 PM EDT,449
05/27/2023 03:10 PM EDT,367
05/27/2023 03:15 PM EDT,369
05/27/2023 03:20 PM EDT,457
05/27/2023 03:25 PM EDT,531
05/27/2023 03:30 PM EDT,571
05/27/2023 03:35 PM EDT,626
05/27/2023 03:40 PM EDT,683
05/27/2023 03:45 PM EDT,699
05/27/2023 03:50 PM EDT,683
05/27/2023 03:55 PM EDT,635
05/27/2023 04:00 PM EDT,615
05/27/2023 04:05 PM EDT,533
05/27/2023 04:10 PM EDT,543
05/27/2023 04:15 PM EDT,604
05/27/2023 04:20 PM EDT,631
05/27/2023 04:25 PM EDT,621
05/27/2023 04:30 PM EDT,607
05/27/2023 04:35 PM EDT,608
05/27/2023 04:40 PM EDT,577
05/27/2023 04:45 PM EDT,484
05/27/2023 04:50 PM EDT,471
05/27/2023 04:55 PM EDT,431
05/27/2023 05:00 PM EDT,456
05/27/2023 05:05 PM EDT,450
05/27/2023 05:10 PM EDT,468
05/27/2023 05:15 PM EDT,489
05/27/2023 05:20 PM EDT,451
05/27/2023 05:25 PM EDT,375
05/27/2023 05:30 PM EDT,292
05/27/2023 05:35 PM EDT,232
05/27/2023 05:40 PM EDT,212
05/27/2023 05:45 PM EDT,249
05/27/2023 05:50 PM EDT,278
05/27/2023 05:55 PM EDT,256
05/27/2023 06:00 PM EDT,238
05/27/2023 06:05 PM EDT,229
05/27/2023 06:10 PM EDT,247
05/27/2023 06:15 PM EDT,320
05/27/2023 06:20 PM EDT,346
05/27/2023 06:25 PM EDT,278
05/27/2023 06:30 PM EDT,228
05/27/2023 06:35 PM EDT,202
05/27/2023 06:40 PM EDT,140
05/27/2023 06:45 PM EDT,114
05/27/2023 06:50 PM EDT,87
05/27/2023 06:55 PM EDT,63
05/27/2023 07:00 PM EDT,48
05/27/2023 07:05 PM EDT,36
05/27/2023 07:10 PM EDT,37
05/27/2023 07:15 PM EDT,46
05/27/2023 07:20 PM EDT,51
05/27/2023 07:25 PM EDT,55
05/27/2023 07:30 PM EDT,52
05/27/2023 07:35 PM EDT,32
05/27/2023 07:40 PM EDT,20
05/27/2023 07:45 PM EDT,5
05/27/2023 07:50 PM EDT,0
05/27/2023 07:55 PM EDT,0
05/27/2023 08:00 PM EDT,0
05/27/2023 08:05 PM EDT,0
05/27/2023 08:10 PM EDT,0
05/27/2023 08:15 PM EDT,0
05/27/2023 08:20 PM EDT,0
05/27/2023 08:25 PM EDT,0
05/27/2023 08:30 PM EDT,0
05/27/2023 08:35 PM EDT,0
05/27/2023 08:40 PM EDT,0
05/27/2023 08:45 PM EDT,0
05/27/2023 08:50 PM EDT,0
05/27/2023 08:55 PM EDT,0
05/27/2023 09:00 PM EDT,0
05/27/2023 09:05 PM EDT,0
05/27/2023 09:10 PM EDT,0
05/27/2023 09:15 PM EDT,0
05/27/2023 09:20 PM EDT,0
05/27/2023 09:25 PM EDT,0
05/27/2023 09:30 PM EDT,0
05/27/2023 09:35 PM EDT,0
05/27/2023 09:40 PM EDT,0
05/27/2023 09:45 PM EDT,0
05/27/2023 09:50 PM EDT,0
05/27/2023 09:55 PM EDT,0
05/27/2023 10:00 PM EDT,0
05/27/2023 10:05 PM EDT,0
05/27/2023 10:10 PM EDT,0
05/27/2023 10:15 PM EDT,0
05/27/2023 10:20 PM EDT,0
05/27/2023 10:25 PM EDT,0
05/27/2023 10:30 PM EDT,0
05/27/2023 10:35 PM EDT,0
05/27/2023 10:40 PM EDT,0
05/27/2023 10:45 PM EDT,0
05/27/2023 10:50 PM EDT,0
05/27/2023 10:55 PM EDT,0
05/27/2023 11:00 PM EDT,0
05/27/2023 11:05 PM EDT,0
05/27/2023 11:10 PM EDT,0
05/27/2023 11:15 PM EDT,0
05/27/2023 11:20 PM EDT,0
05/27/2023 11:25 PM EDT,0
05/27/2023 11:30 PM EDT,0
05/27/2023 11:35 PM EDT,0
05/27/2023 11:40 PM EDT,0
05/27/2023 11:45 PM EDT,0
05/27/2023 11:50 PM EDT,0
05/27/2023 11:55 PM EDT,0
05/28/2023 12:00 AM EDT,0
05/28/2023 12:05 AM EDT,0
05/28/2023 12:10 AM EDT,0
05/28/2023 12:15 AM EDT,0
05/28/2023 12:20 AM EDT,0
05/28/2023 12:25 AM EDT,0
05/28/2023 12:30 AM EDT,0
05/28/2023 12:35 AM EDT,0
05/28/2023 12:40 AM EDT,0
05/28/2023 12:45 AM EDT,0
05/28/2023 12:50 AM EDT,0
05/28/2023 12:55 AM EDT,0
05/28/2023 01:00 AM EDT,0
05/28/2023 01:05 AM EDT,0
05/28/2023 01:10 AM EDT,0
05/28/2023 01:15 AM EDT,0
05/28/2023 01:20 AM EDT,0
05/28/2023 01:25 AM EDT,0
05/28/2023 01:30 AM EDT,0
05/28/2023 01:35 AM EDT,0
05/28/2023 01:40 AM EDT,0
05/28/2023 01:45 AM EDT,0
05/28/2023 01:50 AM EDT,0
05/28/2023 01:55 AM EDT,0
05/28/2023 02:00 AM EDT,0
05/28/2023 02:05 AM EDT,0
05/28/2023 02:10 AM EDT,0
05/28/2023 02:15 AM EDT,0
05/28/2023 02:20 AM EDT,0
05/28/2023 02:25 AM EDT,0
05/28/2023 02:30 AM EDT,0
05/28/2023 02:35 AM EDT,0
05/28/2023 02:40 AM EDT,0
05/28/2023 02:45 AM EDT,0
05/28/2023 02:50 AM EDT,0
05/28/2023 02:55 AM EDT,0
05/28/2023 03:00 AM EDT,0
05/28/2023 03:05 AM EDT,0
05/28/2023 03:10 AM EDT,0
05/28/2023 03:15 AM EDT,0
05/28/2023 03:20 AM EDT,0
05/28/2023 03:25 AM EDT,0
05/28/2023 03:30 AM EDT,0
05/28/2023 03:35 AM EDT,0
05/28/2023 03:40 AM EDT,0
05/28/2023 03:45 AM EDT,0
05/28/2023 03:50 AM EDT,0
05/28/2023 03:55 AM EDT,0
05/28/2023 04:00 AM EDT,0
05/28/2023 04:05 AM EDT,0
05/28/2023 04:10 AM EDT,0
05/28/2023 04:15 AM EDT,0
05/28/2023 04:20 AM EDT,0
05/28/2023 04:25 AM EDT,0
05/28/2023 04:30 AM EDT,0
05/28/2023 04:35 AM EDT,0
05/28/2023 04:40 AM EDT,0
05/28/2023 04:45 AM EDT,0
05/28/2023 04:50 AM EDT,0
05/28/2023 04:55 AM EDT,0
05/28/2023 05:00 AM EDT,0
05/28/2023 05:05 AM EDT,0
05/28/2023 05:10 AM EDT,0
05/28/2023 05:15 AM EDT,0
05/28/2023 05:20 AM EDT,0
05/28/2023 05:25 AM EDT,0
05/28/2023 05:30 AM EDT,0
05/28/2023 05:35 AM EDT,0
05/28/2023 05:40 AM EDT,0
05/28/2023 05:45 AM EDT,0
05/28/2023 05:50 AM EDT,0
05/28/2023 05:55 AM EDT,0
05/28/2023 06:00 AM EDT,0
05/28/2023 06:05 AM EDT,0
05/28/2023 06:10 AM EDT,0
05/28/2023 06:15 AM EDT,0
05/28/2023 06:20 AM EDT,0
05/28/2023 06:25 AM EDT,0
05/28/2023 06:30 AM EDT,0
05/28/2023 06:35 AM EDT,0
05/28/2023 06:40 AM EDT,0
05/28/2023 06:45 AM EDT,0
05/28/2023 06:50 AM EDT,0
05/28/2023 06:55 AM EDT,0
05/28/2023 07:00 AM EDT,0
05/28/2023 07:05 AM EDT,4
05/28/2023 07:10 AM EDT,27
05/28/2023 07:15 AM EDT,42
05/28/2023 07:20 AM EDT,27
05/28/2023 07:25 AM EDT,25
05/28/2023 07:30 AM EDT,24
05/28/2023 07:35 AM EDT,44
05/28/2023 07:40 AM EDT,72
05/28/2023 07:45 AM EDT,87
05/28/2023 07:50 AM EDT,130
05/28/2023 07:55 AM EDT,166
05/28/2023 08:00 AM EDT,143
05/28/2023 08:05 AM EDT,140
05/28/2023 08:10 AM EDT,147
05/28/2023 08:15 AM EDT,145
05/28/2023 08:20 AM EDT,154
05/28/2023 08:25 AM EDT,180
05/28/2023 08:30 AM EDT,223
05/28/2023 08:35 AM EDT,263
05/28/2023 08:40 AM EDT,245
05/28/2023 08:45 AM EDT,215
05/28/2023 08:50 AM EDT,211
05/28/2023 08:55 AM EDT,180
05/28/2023 09:00 AM EDT,165
05/28/2023 09:05 AM EDT,188
05/28/2023 09:10 AM EDT,215
05/28/2023 09:15 AM EDT,254
05/28/2023 09:20 AM EDT,252
05/28/2023 09:25 AM EDT,297
05/28/2023 09:30 AM EDT,358
05/28/2023 09:35 AM EDT,356
05/28/2023 09:40 AM EDT,366
05/28/2023 09:45 AM EDT,400
05/28/2023 09:50 AM EDT,450
05/28/2023 09:55 AM EDT,416
05/28/2023 10:00 AM EDT,362
05/28/2023 10:05 AM EDT,354
05/28/2023 10:10 AM EDT,275
05/28/2023 10:15 AM EDT,239
05/28/2023 10:20 AM EDT,308
05/28/2023 10:25 AM EDT,551
05/28/2023 10:30 AM EDT,683
05/28/2023 10:35 AM EDT,667
05/28/2023 10:40 AM EDT,631
05/28/2023 10:45 AM EDT,807
05/28/2023 10:50 AM EDT,"1,242"
05/28/2023 10:55 AM EDT,831
05/28/2023 11:00 AM EDT,459
05/28/2023 11:05 AM EDT,338
05/28/2023 11:10 AM EDT,310
05/28/2023 11:15 AM EDT,324
05/28/2023 11:20 AM EDT,425
05/28/2023 11:25 AM EDT,512
05/28/2023 11:30 AM EDT,595
05/28/2023 11:35 AM EDT,669
05/28/2023 11:40 AM EDT,612
05/28/2023 11:45 AM EDT,565
05/28/2023 11:50 AM EDT,626
05/28/2023 11:55 AM EDT,668
05/28/2023 12:00 PM EDT,609
05/28/2023 12:05 PM EDT,611
05/28/2023 12:10 PM EDT,671
05/28/2023 12:15 PM EDT,707
05/28/2023 12:20 PM EDT,886
05/28/2023 12:25 PM EDT,"1,154"
05/28/2023 12:30 PM EDT,"1,041"
05/28/2023 12:35 PM EDT,"1,018"
05/28/2023 12:40 PM EDT,968
05/28/2023 12:45 PM EDT,"1,020"
05/28/2023 12:50 PM EDT,928
05/28/2023 12:55 PM EDT,"1,029"
05/28/2023 01:00 PM EDT,"1,695"
05/28/2023 01:05 PM EDT,"1,843"
05/28/2023 01:10 PM EDT,"1,363"
05/28/2023 01:15 PM EDT,"1,175"
05/28/2023 01:20 PM EDT,"1,377"
05/28/2023 01:25 PM EDT,"1,260"
05/28/2023 01:30 PM EDT,"1,151"
05/28/2023 01:35 PM EDT,"1,127"
05/28/2023 01:40 PM EDT,964
05/28/2023 01:45 PM EDT,903
05/28/2023 01:50 PM EDT,979
05/28/2023 01:55 PM EDT,"1,158"
05/28/2023 02:00 PM EDT,"1,163"
05/28/2023 02:05 PM EDT,989
05/28/2023 02:10 PM EDT,982
05/28/2023 02:15 PM EDT,939
05/28/2023 02:20 PM EDT,"1,045"
05/28/2023 02:25 PM EDT,"1,013"
05/28/2023 02:30 PM EDT,850
05/28/2023 02:35 PM EDT,854
05/28/2023 02:40 PM EDT,946
05/28/2023 02:45 PM EDT,945
05/28/2023 02:50 PM EDT,807
05/28/2023 02:55 PM EDT,738
05/28/2023 03:00 PM EDT,873
05/28/2023 03:05 PM EDT,"1,063"
05/28/2023 03:10 PM EDT,"1,085"
05/28/2023 03:15 PM EDT,965
05/28/2023 03:20 PM EDT,869
05/28/2023 03:25 PM EDT,885
05/28/2023 03:30 PM EDT,992
05/28/2023 03:35 PM EDT,"1,034"
05/28/2023 03:40 PM EDT,"1,021"
05/28/2023 03:45 PM EDT,986
05/28/2023 03:50 PM EDT,852
05/28/2023 03:55 PM EDT,693
05/28/2023 04:00 PM EDT,813
05/28/2023 04:05 PM EDT,828
05/28/2023 04:10 PM EDT,768
05/28/2023 04:15 PM EDT,782
05/28/2023 04:20 PM EDT,727
05/28/2023 04:25 PM EDT,709
05/28/2023 04:30 PM EDT,936
05/28/2023 04:35 PM EDT,"1,283"
05/28/2023 04:40 PM EDT,"1,245"
05/28/2023 04:45 PM EDT,"1,175"
05/28/2023 04:50 PM EDT,978
05/28/2023 04:55 PM EDT,667
05/28/2023 05:00 PM EDT,766
05/28/2023 05:05 PM EDT,737
05/28/2023 05:10 PM EDT,506
05/28/2023 05:15 PM EDT,478
05/28/2023 05:20 PM EDT,397
05/28/2023 05:25 PM EDT,379
05/28/2023 05:30 PM EDT,386
05/28/2023 05:35 PM EDT,458
05/28/2023 05:40 PM EDT,503
05/28/2023 05:45 PM EDT,485
05/28/2023 05:50 PM EDT,453
05/28/2023 05:55 PM EDT,476
05/28/2023 06:00 PM EDT,571
05/28/2023 06:05 PM EDT,720
05/28/2023 06:10 PM EDT,649
05/28/2023 06:15 PM EDT,480
05/28/2023 06:20 PM EDT,406
05/28/2023 06:25 PM EDT,359
05/28/2023 06:30 PM EDT,266
05/28/2023 06:35 PM EDT,227
05/28/2023 06:40 PM EDT,190
05/28/2023 06:45 PM EDT,173
05/28/2023 06:50 PM EDT,178
05/28/2023 06:55 PM EDT,193
05/28/2023 07:00 PM EDT,206
05/28/2023 07:05 PM EDT,216
05/28/2023 07:10 PM EDT,182
05/28/2023 07:15 PM EDT,140
05/28/2023 07:20 PM EDT,100
05/28/2023 07:25 PM EDT,73
05/28/2023 07:30 PM EDT,49
05/28/2023 07:35 PM EDT,46
05/28/2023 07:40 PM EDT,41
05/28/2023 07:45 PM EDT,37
05/28/2023 07:50 PM EDT,25
05/28/2023 07:55 PM EDT,8
05/28/2023 08:00 PM EDT,1
05/28/2023 08:05 PM EDT,0
05/28/2023 08:10 PM EDT,0
05/28/2023 08:15 PM EDT,0
05/28/2023 08:20 PM EDT,0
05/28/2023 08:25 PM EDT,0
05/28/2023 08:30 PM EDT,0
05/28/2023 08:35 PM EDT,0
05/28/2023 08:40 PM EDT,0
05/28/2023 08:45 PM EDT,0
05/28/2023 08:50 PM EDT,0
05/28/2023 08:55 PM EDT,0
05/28/2023 09:00 PM EDT,0
05/28/2023 09:05 PM EDT,0
05/28/2023 09:10 PM EDT,0
05/28/2023 09:15 PM EDT,0
05/28/2023 09:20 PM EDT,0
05/28/2023 09:25 PM EDT,0
05/28/2023 09:30 PM EDT,0
05/28/2023 09:35 PM EDT,0
05/28/2023 09:40 PM EDT,0
05/28/2023 09:45 PM EDT,0
05/28/2023 09:50 PM EDT,0
05/28/2023 09:55 PM EDT,0
05/28/2023 10:00 PM EDT,0
05/28/2023 10:05 PM EDT,0
05/28/2023 10:10 PM EDT,0
05/28/2023 10:15 PM EDT,0
05/28/2023 10:20 PM EDT,0
05/28/2023 10:25 PM EDT,0
05/28/2023 10:30 PM EDT,0
05/28/2023 10:35 PM EDT,0
05/28/2023 10:40 PM EDT,0
05/28/2023 10:45 PM EDT,0
05/28/2023 10:50 PM EDT,0
05/28/2023 10:55 PM EDT,0
05/28/2023 11:00 PM EDT,0
05/28/2023 11:05 PM EDT,0
05/28/2023 11:10 PM EDT,0
05/28/2023 11:15 PM EDT,0
05/28/2023 11:20 PM EDT,0
05/28/2023 11:25 PM EDT,0
05/28/2023 11:30 PM EDT,0
05/28/2023 11:35 PM EDT,0
05/28/2023 11:40 PM EDT,0
05/28/2023 11:45 PM EDT,0
05/28/2023 11:50 PM EDT,0
05/28/2023 11:55 PM EDT,0
05/29/2023 12:00 AM EDT,0
05/29/2023 12:05 AM EDT,0
05/29/2023 12:10 AM EDT,0
05/29/2023 12:15 AM EDT,0
05/29/2023 12:20 AM EDT,0
05/29/2023 12:25 AM EDT,0
05/29/2023 12:30 AM EDT,0
05/29/2023 12:35 AM EDT,0
05/29/2023 12:40 AM EDT,0
05/29/2023 12:45 AM EDT,0
05/29/2023 12:50 AM EDT,0
05/29/2023 12:55 AM EDT,0
05/29/2023 01:00 AM EDT,0
05/29/2023 01:05 AM EDT,0
05/29/2023 01:10 AM EDT,0
05/29/2023 01:15 AM EDT,0
05/29/2023 01:20 AM EDT,0
05/29/2023 01:25 AM EDT,0
05/29/2023 01:30 AM EDT,0
05/29/2023 01:35 AM EDT,0
05/29/2023 01:40 AM EDT,0
05/29/2023 01:45 AM EDT,0
05/29/2023 01:50 AM EDT,0
05/29/2023 01:55 AM EDT,0
05/29/2023 02:00 AM EDT,0
05/29/2023 02:05 AM EDT,0
05/29/2023 02:10 AM EDT,0
05/29/2023 02:15 AM EDT,0
05/29/2023 02:20 AM EDT,0
05/29/2023 02:25 AM EDT,0
05/29/2023 02:30 AM EDT,0
05/29/2023 02:35 AM EDT,0
05/29/2023 02:40 AM EDT,0
05/29/2023 02:45 AM EDT,0
05/29/2023 02:50 AM EDT,0
05/29/2023 02:55 AM EDT,0
05/29/2023 03:00 AM EDT,0
05/29/2023 03:05 AM EDT,0
05/29/2023 03:10 AM EDT,0
05/29/2023 03:15 AM EDT,0
05/29/2023 03:20 AM EDT,0
05/29/2023 03:25 AM EDT,0
05/29/2023 03:30 AM EDT,0
05/29/2023 03:35 AM EDT,0
05/29/2023 03:40 AM EDT,0
05/29/2023 03:45 AM EDT,0
05/29/2023 03:50 AM EDT,0
05/29/2023 03:55 AM EDT,0
05/29/2023 04:00 AM EDT,0
05/29/2023 04:05 AM EDT,0
05/29/2023 04:10 AM EDT,0
05/29/2023 04:15 AM EDT,0
05/29/2023 04:20 AM EDT,0
05/29/2023 04:25 AM EDT,0
05/29/2023 04:30 AM EDT,0
05/29/2023 04:35 AM EDT,0
05/29/2023 04:40 AM EDT,0
05/29/2023 04:45 AM EDT,0
05/29/2023 04:50 AM EDT,0
05/29/2023 04:55 AM EDT,0
05/29/2023 05:00 AM EDT,0
05/29/2023 05:05 AM EDT,0
05/29/2023 05:10 AM EDT,0
05/29/2023 05:15 AM EDT,0
05/29/2023 05:20 AM EDT,0
05/29/2023 05:25 AM EDT,0
05/29/2023 05:30 AM EDT,0
05/29/2023 05:35 AM EDT,0
05/29/2023 05:40 AM EDT,0
05/29/2023 05:45 AM EDT,0
05/29/2023 05:50 AM EDT,0
05/29/2023 05:55 AM EDT,0
05/29/2023 06:00 AM EDT,0
05/29/2023 06:05 AM EDT,0
05/29/2023 06:10 AM EDT,0
05/29/2023 06:15 AM EDT,0
05/29/2023 06:20 AM EDT,0
05/29/2023 06:25 AM EDT,0
05/29/2023 06:30 AM EDT,8
05/29/2023 06:35 AM EDT,24
05/29/2023 06:40 AM EDT,39
05/29/2023 06:45 AM EDT,51
05/29/2023 06:50 AM EDT,62
05/29/2023 06:55 AM EDT,83
05/29/2023 07:00 AM EDT,110
05/29/2023 07:05 AM EDT,152
05/29/2023 07:10 AM EDT,177
05/29/2023 07:15 AM EDT,178
05/29/2023 07:20 AM EDT,177
05/29/2023 07:25 AM EDT,198
05/29/2023 07:30 AM EDT,233
05/29/2023 07:35 AM EDT,249
05/29/2023 07:40 AM EDT,254
05/29/2023 07:45 AM EDT,303
05/29/2023 07:50 AM EDT,330
05/29/2023 07:55 AM EDT,432
05/29/2023 08:00 AM EDT,567
05/29/2023 08:05 AM EDT,671
05/29/2023 08:10 AM EDT,768
05/29/2023 08:15 AM EDT,904
05/29/2023 08:20 AM EDT,"1,008"
05/29/2023 08:25 AM EDT,"1,021"
05/29/2023 08:30 AM EDT,949
05/29/2023 08:35 AM EDT,879
05/29/2023 08:40 AM EDT,803
05/29/2023 08:45 AM EDT,663
05/29/2023 08:50 AM EDT,578
05/29/2023 08:55 AM EDT,693
05/29/2023 09:00 AM EDT,816
05/29/2023 09:05 AM EDT,726
05/29/2023 09:10 AM EDT,549
05/29/2023 09:15 AM EDT,508
05/29/2023 09:20 AM EDT,495
05/29/2023 09:25 AM EDT,504
05/29/2023 09:30 AM EDT,762
05/29/2023 09:35 AM EDT,"1,088"
05/29/2023 09:40 AM EDT,"1,219"
05/29/2023 09:45 AM EDT,"1,620"
05/29/2023 09:50 AM EDT,"1,213"
05/29/2023 09:55 AM EDT,920
05/29/2023 10:00 AM EDT,"1,021"
05/29/2023 10:05 AM EDT,"1,533"
05/29/2023 10:10 AM EDT,"1,463"
05/29/2023 10:15 AM EDT,868
05/29/2023 10:20 AM EDT,679
05/29/2023 10:25 AM EDT,858
05/29/2023 10:30 AM EDT,915
05/29/2023 10:35 AM EDT,680
05/29/2023 10:40 AM EDT,655
05/29/2023 10:45 AM EDT,856
05/29/2023 10:50 AM EDT,974
05/29/2023 10:55 AM EDT,"1,046"
05/29/2023 11:00 AM EDT,"1,071"
05/29/2023 11:05 AM EDT,907
05/29/2023 11:10 AM EDT,734
05/29/2023 11:15 AM EDT,796
05/29/2023 11:20 AM EDT,818
05/29/2023 11:25 AM EDT,659
05/29/2023 11:30 AM EDT,587
05/29/2023 11:35 AM EDT,663
05/29/2023 11:40 AM EDT,719
05/29/2023 11:45 AM EDT,777
05/29/2023 11:50 AM EDT,852
05/29/2023 11:55 AM EDT,930
05/29/2023 12:00 PM EDT,"1,023"
05/29/2023 12:05 PM EDT,"1,132"
05/29/2023 12:10 PM EDT,"1,218"
05/29/2023 12:15 PM EDT,"1,309"
05/29/2023 12:20 PM EDT,"1,521"
05/29/2023 12:25 PM EDT,"1,746"
05/29/2023 12:30 PM EDT,"1,612"
05/29/2023 12:35 PM EDT,"1,329"
05/29/2023 12:40 PM EDT,"1,128"
05/29/2023 12:45 PM EDT,"1,005"
05/29/2023 12:50 PM EDT,927
05/29/2023 12:55 PM EDT,930
05/29/2023 01:00 PM EDT,988
05/29/2023 01:05 PM EDT,926
05/29/2023 01:10 PM EDT,777
05/29/2023 01:15 PM EDT,"1,371"
05/29/2023 01:20 PM EDT,"1,893"
05/29/2023 01:25 PM EDT,"2,045"
05/29/2023 01:30 PM EDT,"1,743"
05/29/2023 01:35 PM EDT,"1,503"
05/29/2023 01:40 PM EDT,"1,287"
05/29/2023 01:45 PM EDT,"1,137"
05/29/2023 01:50 PM EDT,"1,471"
05/29/2023 01:55 PM EDT,"1,670"
05/29/2023 02:00 PM EDT,"1,632"
05/29/2023 02:05 PM EDT,"1,823"
05/29/2023 02:10 PM EDT,"1,273"
05/29/2023 02:15 PM EDT,"1,313"
05/29/2023 02:20 PM EDT,"1,967"
05/29/2023 02:25 PM EDT,"1,493"
05/29/2023 02:30 PM EDT,"1,099"
05/29/2023 02:35 PM EDT,"1,261"
05/29/2023 02:40 PM EDT,"1,310"
05/29/2023 02:45 PM EDT,"1,162"
05/29/2023 02:50 PM EDT,"1,250"
05/29/2023 02:55 PM EDT,"1,335"
05/29/2023 03:00 PM EDT,"1,344"
05/29/2023 03:05 PM EDT,"1,684"
05/29/2023 03:10 PM EDT,"1,323"
05/29/2023 03:15 PM EDT,"1,280"
05/29/2023 03:20 PM EDT,"1,207"
05/29/2023 03:25 PM EDT,984
05/29/2023 03:30 PM EDT,"1,108"
05/29/2023 03:35 PM EDT,"1,243"
05/29/2023 03:40 PM EDT,822
05/29/2023 03:45 PM EDT,405
05/29/2023 03:50 PM EDT,567
05/29/2023 03:55 PM EDT,859
05/29/2023 04:00 PM EDT,"1,322"
05/29/2023 04:05 PM EDT,"1,082"
05/29/2023 04:10 PM EDT,"1,041"
05/29/2023 04:15 PM EDT,981
05/29/2023 04:20 PM EDT,713
05/29/2023 04:25 PM EDT,639
05/29/2023 04:30 PM EDT,601
05/29/2023 04:35 PM EDT,528
05/29/2023 04:40 PM EDT,"1,032"
05/29/2023 04:45 PM EDT,"1,295"
05/29/2023 04:50 PM EDT,"1,051"
05/29/2023 04:55 PM EDT,553
05/29/2023 05:00 PM EDT,414
05/29/2023 05:05 PM EDT,251
05/29/2023 05:10 PM EDT,244
05/29/2023 05:15 PM EDT,384
05/29/2023 05:20 PM EDT,586
05/29/2023 05:25 PM EDT,673
05/29/2023 05:30 PM EDT,545
05/29/2023 05:35 PM EDT,698
05/29/2023 05:40 PM EDT,797
05/29/2023 05:45 PM EDT,686
05/29/2023 05:50 PM EDT,558
05/29/2023 05:55 PM EDT,699
05/29/2023 06:00 PM EDT,900
05/29/2023 06:05 PM EDT,791
05/29/2023 06:10 PM EDT,708
05/29/2023 06:15 PM EDT,766
05/29/2023 06:20 PM EDT,770
05/29/2023 06:25 PM EDT,565
05/29/2023 06:30 PM EDT,385
05/29/2023 06:35 PM EDT,426
05/29/2023 06:40 PM EDT,354
05/29/2023 06:45 PM EDT,551
05/29/2023 06:50 PM EDT,471
05/29/2023 06:55 PM EDT,296
05/29/2023 07:00 PM EDT,151
05/29/2023 07:05 PM EDT,96
05/29/2023 07:10 PM EDT,129
05/29/2023 07:15 PM EDT,181
05/29/2023 07:20 PM EDT,151
05/29/2023 07:25 PM EDT,123
05/29/2023 07:30 PM EDT,86
05/29/2023 07:35 PM EDT,41
05/29/2023 07:40 PM EDT,22
05/29/2023 07:45 PM EDT,25
05/29/2023 07:50 PM EDT,33
05/29/2023 07:55 PM EDT,24
05/29/2023 08:00 PM EDT,15
05/29/2023 08:05 PM EDT,10
05/29/2023 08:10 PM EDT,2
05/29/2023 08:15 PM EDT,1
05/29/2023 08:20 PM EDT,0
05/29/2023 08:25 PM EDT,0
05/29/2023 08:30 PM EDT,0
05/29/2023 08:35 PM EDT,0
05/29/2023 08:40 PM EDT,0
05/29/2023 08:45 PM EDT,0
05/29/2023 08:50 PM EDT,0
05/29/2023 08:55 PM EDT,0
05/29/2023 09:00 PM EDT,0
05/29/2023 09:05 PM EDT,0
05/29/2023 09:10 PM EDT,0
05/29/2023 09:15 PM EDT,0
05/29/2023 09:20 PM EDT,0
05/29/2023 09:25 PM EDT,0
05/29/2023 09:30 PM EDT,0
05/29/2023 09:35 PM EDT,0
05/29/2023 09:40 PM EDT,0
05/29/2023 09:45 PM EDT,0
05/29/2023 09:50 PM EDT,0
05/29/2023 09:55 PM EDT,0
05/29/2023 10:00 PM EDT,0
05/29/2023 10:05 PM EDT,0
05/29/2023 10:10 PM EDT,0
05/29/2023 10:15 PM EDT,0
05/29/2023 10:20 PM EDT,0
05/29/2023 10:25 PM EDT,0
05/29/2023 10:30 PM EDT,0
05/29/2023 10:35 PM EDT,0
05/29/2023 10:40 PM EDT,0
05/29/2023 10:45 PM EDT,0
05/29/2023 10:50 PM EDT,0
05/29/2023 10:55 PM EDT,0
05/29/2023 11:00 PM EDT,0
05/29/2023 11:05 PM EDT,0
05/29/2023 11:10 PM EDT,0
05/29/2023 11:15 PM EDT,0
05/29/2023 11:20 PM EDT,0
05/29/2023 11:25 PM EDT,0
05/29/2023 11:30 PM EDT,0
05/29/2023 11:35 PM EDT,0
05/29/2023 11:40 PM EDT,0
05/29/2023 11:45 PM EDT,0
05/29/2023 11:50 PM EDT,0
05/29/2023 11:55 PM EDT,0
05/30/2023 12:00 AM EDT,0
05/30/2023 12:05 AM EDT,0
05/30/2023 12:10 AM EDT,0
05/30/2023 12:15 AM EDT,0
05/30/2023 12:20 AM EDT,0
05/30/2023 12:25 AM EDT,0
05/30/2023 12:30 AM EDT,0
05/30/2023 12:35 AM EDT,0
05/30/2023 12:40 AM EDT,0
05/30/2023 12:45 AM EDT,0
05/30/2023 12:50 AM EDT,0
05/30/2023 12:55 AM EDT,0
05/30/2023 01:00 AM EDT,0
05/30/2023 01:05 AM EDT,0
05/30/2023 01:10 AM EDT,0
05/30/2023 01:15 AM EDT,0
05/30/2023 01:20 AM EDT,0
05/30/2023 01:25 AM EDT,0
05/30/2023 01:30 AM EDT,0
05/30/2023 01:35 AM EDT,0
05/30/2023 01:40 AM EDT,0
05/30/2023 01:45 AM EDT,0
05/30/2023 01:50 AM EDT,0
05/30/2023 01:55 AM EDT,0
05/30/2023 02:00 AM EDT,0
05/30/2023 02:05 AM EDT,0
05/30/2023 02:10 AM EDT,0
05/30/2023 02:15 AM EDT,0
05/30/2023 02:20 AM EDT,0
05/30/2023 02:25 AM EDT,0
05/30/2023 02:30 AM EDT,0
05/30/2023 02:35 AM EDT,0
05/30/2023 02:40 AM EDT,0
05/30/2023 02:45 AM EDT,0
05/30/2023 02:50 AM EDT,0
05/30/2023 02:55 AM EDT,0
05/30/2023 03:00 AM EDT,0
05/30/2023 03:05 AM EDT,0
05/30/2023 03:10 AM EDT,0
05/30/2023 03:15 AM EDT,0
05/30/2023 03:20 AM EDT,0
05/30/2023 03:25 AM EDT,0
05/30/2023 03:30 AM EDT,0
05/30/2023 03:35 AM EDT,0
05/30/2023 03:40 AM EDT,0
05/30/2023 03:45 AM EDT,0
05/30/2023 03:50 AM EDT,0
05/30/2023 03:55 AM EDT,0
05/30/2023 04:00 AM EDT,0
05/30/2023 04:05 AM EDT,0
05/30/2023 04:10 AM EDT,0
05/30/2023 04:15 AM EDT,0
05/30/2023 04:20 AM EDT,0
05/30/2023 04:25 AM EDT,0
05/30/2023 04:30 AM EDT,0
05/30/2023 04:35 AM EDT,0
05/30/2023 04:40 AM EDT,0
05/30/2023 04:45 AM EDT,0
05/30/2023 04:50 AM EDT,0
05/30/2023 04:55 AM EDT,0
05/30/2023 05:00 AM EDT,0
05/30/2023 05:05 AM EDT,0
05/30/2023 05:10 AM EDT,0
05/30/2023 05:15 AM EDT,0
05/30/2023 05:20 AM EDT,0
05/30/2023 05:25 AM EDT,0
05/30/2023 05:30 AM EDT,0
05/30/2023 05:35 AM EDT,0
05/30/2023 05:40 AM EDT,0
05/30/2023 05:45 AM EDT,0
05/30/2023 05:50 AM EDT,0
05/30/2023 05:55 AM EDT,0
05/30/2023 06:00 AM EDT,0
05/30/2023 06:05 AM EDT,0
05/30/2023 06:10 AM EDT,0
05/30/2023 06:15 AM EDT,0
05/30/2023 06:20 AM EDT,0
05/30/2023 06:25 AM EDT,0
05/30/2023 06:30 AM EDT,10
05/30/2023 06:35 AM EDT,4
05/30/2023 06:40 AM EDT,21
05/30/2023 06:45 AM EDT,27
05/30/2023 06:50 AM EDT,36
05/30/2023 06:55 AM EDT,42
05/30/2023 07:00 AM EDT,28
05/30/2023 07:05 AM EDT,30
05/30/2023 07:10 AM EDT,45
05/30/2023 07:15 AM EDT,37
05/30/2023 07:20 AM EDT,38
05/30/2023 07:25 AM EDT,97
05/30/2023 07:30 AM EDT,223
05/30/2023 07:35 AM EDT,189
05/30/2023 07:40 AM EDT,129
05/30/2023 07:45 AM EDT,134
05/30/2023 07:50 AM EDT,137
05/30/2023 07:55 AM EDT,118
05/30/2023 08:00 AM EDT,197
05/30/2023 08:05 AM EDT,375
05/30/2023 08:10 AM EDT,201
05/30/2023 08:15 AM EDT,250
05/30/2023 08:20 AM EDT,254
05/30/2023 08:25 AM EDT,256
05/30/2023 08:30 AM EDT,240
05/30/2023 08:35 AM EDT,261
05/30/2023 08:40 AM EDT,303
05/30/2023 08:45 AM EDT,338
05/30/2023 08:50 AM EDT,360
05/30/2023 08:55 AM EDT,270
05/30/2023 09:00 AM EDT,276
05/30/2023 09:05 AM EDT,561
05/30/2023 09:10 AM EDT,704
05/30/2023 09:15 AM EDT,822
05/30/2023 09:20 AM EDT,688
05/30/2023 09:25 AM EDT,862
05/30/2023 09:30 AM EDT,"1,192"
05/30/2023 09:35 AM EDT,"1,262"
05/30/2023 09:40 AM EDT,"1,089"
05/30/2023 09:45 AM EDT,"1,016"
05/30/2023 09:50 AM EDT,884
05/30/2023 09:55 AM EDT,"2,486"
05/30/2023 10:00 AM EDT,"1,565"
05/30/2023 10:05 AM EDT,879
05/30/2023 10:10 AM EDT,"1,016"
05/30/2023 10:15 AM EDT,"1,830"
05/30/2023 10:20 AM EDT,"2,308"
05/30/2023 10:25 AM EDT,"2,114"
05/30/2023 10:30 AM EDT,"1,206"
05/30/2023 10:35 AM EDT,569
05/30/2023 10:40 AM EDT,992
05/30/2023 10:45 AM EDT,"1,177"
05/30/2023 10:50 AM EDT,"1,559"
05/30/2023 10:55 AM EDT,"3,198"
05/30/2023 11:00 AM EDT,"2,676"
05/30/2023 11:05 AM EDT,"1,528"
05/30/2023 11:10 AM EDT,"1,232"
05/30/2023 11:15 AM EDT,"2,037"
05/30/2023 11:20 AM EDT,"1,892"
05/30/2023 11:25 AM EDT,"1,111"
05/30/2023 11:30 AM EDT,"1,428"
05/30/2023 11:35 AM EDT,"1,627"
05/30/2023 11:40 AM EDT,"2,100"
05/30/2023 11:45 AM EDT,"3,073"
05/30/2023 11:50 AM EDT,"2,829"
05/30/2023 11:55 AM EDT,"1,706"
05/30/2023 12:00 PM EDT,"3,149"
05/30/2023 12:05 PM EDT,"2,739"
05/30/2023 12:10 PM EDT,"2,102"
05/30/2023 12:15 PM EDT,"2,414"
05/30/2023 12:20 PM EDT,"3,412"
05/30/2023 12:25 PM EDT,"4,611"
05/30/2023 12:30 PM EDT,"3,514"
05/30/2023 12:35 PM EDT,"2,074"
05/30/2023 12:40 PM EDT,"5,105"
05/30/2023 12:45 PM EDT,"4,400"
05/30/2023 12:50 PM EDT,"3,150"
05/30/2023 12:55 PM EDT,"1,726"
05/30/2023 01:00 PM EDT,"1,128"
05/30/2023 01:05 PM EDT,"1,139"
05/30/2023 01:10 PM EDT,"1,553"
05/30/2023 01:15 PM EDT,"2,076"
05/30/2023 01:20 PM EDT,"1,572"
05/30/2023 01:25 PM EDT,"3,123"
05/30/2023 01:30 PM EDT,"3,834"
05/30/2023 01:35 PM EDT,"4,492"
05/30/2023 01:40 PM EDT,"1,195"
05/30/2023 01:45 PM EDT,737
05/30/2023 01:50 PM EDT,"2,352"
05/30/2023 01:55 PM EDT,"3,600"
05/30/2023 02:00 PM EDT,"3,787"
05/30/2023 02:05 PM EDT,"4,459"
05/30/2023 02:10 PM EDT,"5,225"
05/30/2023 02:15 PM EDT,"4,429"
05/30/2023 02:20 PM EDT,"2,110"
05/30/2023 02:25 PM EDT,"1,783"
05/30/2023 02:30 PM EDT,"3,039"
05/30/2023 02:35 PM EDT,"2,161"
05/30/2023 02:40 PM EDT,"1,512"
05/30/2023 02:45 PM EDT,"2,588"
05/30/2023 02:50 PM EDT,"3,087"
05/30/2023 02:55 PM EDT,"2,296"
05/30/2023 03:00 PM EDT,"1,628"
05/30/2023 03:05 PM EDT,"2,298"
05/30/2023 03:10 PM EDT,"4,078"
05/30/2023 03:15 PM EDT,"4,999"
05/30/2023 03:20 PM EDT,"5,057"
05/30/2023 03:25 PM EDT,"4,040"
05/30/2023 03:30 PM EDT,"2,865"
05/30/2023 03:35 PM EDT,"2,489"
05/30/2023 03:40 PM EDT,"3,491"
05/30/2023 03:45 PM EDT,"3,706"
05/30/2023 03:50 PM EDT,"2,533"
05/30/2023 03:55 PM EDT,"2,328"
05/30/2023 04:00 PM EDT,"2,749"
05/30/2023 04:05 PM EDT,"1,609"
05/30/2023 04:10 PM EDT,"2,897"
05/30/2023 04:15 PM EDT,"3,714"
05/30/2023 04:20 PM EDT,"2,789"
05/30/2023 04:25 PM EDT,"3,409"
05/30/2023 04:30 PM EDT,"2,121"
05/30/2023 04:35 PM EDT,"2,702"
05/30/2023 04:40 PM EDT,"2,949"
05/30/2023 04:45 PM EDT,"1,792"
05/30/2023 04:50 PM EDT,"1,677"
05/30/2023 04:55 PM EDT,"2,385"
05/30/2023 05:00 PM EDT,"2,777"
05/30/2023 05:05 PM EDT,"2,613"
05/30/2023 05:10 PM EDT,"2,485"
05/30/2023 05:15 PM EDT,"2,467"
05/30/2023 05:20 PM EDT,"2,374"
05/30/2023 05:25 PM EDT,"1,438"
05/30/2023 05:30 PM EDT,957
05/30/2023 05:35 PM EDT,703
05/30/2023 05:40 PM EDT,721
05/30/2023 05:45 PM EDT,867
05/30/2023 05:50 PM EDT,599
05/30/2023 05:55 PM EDT,862
05/30/2023 06:00 PM EDT,727
05/30/2023 06:05 PM EDT,480
05/30/2023 06:10 PM EDT,372
05/30/2023 06:15 PM EDT,704
05/30/2023 06:20 PM EDT,588
05/30/2023 06:25 PM EDT,533
05/30/2023 06:30 PM EDT,571
05/30/2023 06:35 PM EDT,448
05/30/2023 06:40 PM EDT,325
05/30/2023 06:45 PM EDT,207
05/30/2023 06:50 PM EDT,121
05/30/2023 06:55 PM EDT,51
05/30/2023 07:00 PM EDT,99
05/30/2023 07:05 PM EDT,103
05/30/2023 07:10 PM EDT,42
05/30/2023 07:15 PM EDT,17
05/30/2023 07:20 PM EDT,15
05/30/2023 07:25 PM EDT,28
05/30/2023 07:30 PM EDT,49
05/30/2023 07:35 PM EDT,48
05/30/2023 07:40 PM EDT,33
05/30/2023 07:45 PM EDT,22
05/30/2023 07:50 PM EDT,18
05/30/2023 07:55 PM EDT,6
05/30/2023 08:00 PM EDT,6
05/30/2023 08:05 PM EDT,4
05/30/2023 08:10 PM EDT,2
05/30/2023 08:15 PM EDT,1
05/30/2023 08:20 PM EDT,0
05/30/2023 08:25 PM EDT,0
05/30/2023 08:30 PM EDT,0
05/30/2023 08:35 PM EDT,0
05/30/2023 08:40 PM EDT,0
05/30/2023 08:45 PM EDT,0
05/30/2023 08:50 PM EDT,0
05/30/2023 08:55 PM EDT,0
05/30/2023 09:00 PM EDT,0
05/30/2023 09:05 PM EDT,0
05/30/2023 09:10 PM EDT,0
05/30/2023 09:15 PM EDT,0
05/30/2023 09:20 PM EDT,0
05/30/2023 09:25 PM EDT,0
05/30/2023 09:30 PM EDT,0
05/30/2023 09:35 PM EDT,0
05/30/2023 09:40 PM EDT,0
05/30/2023 09:45 PM EDT,0
05/30/2023 09:50 PM EDT,0
05/30/2023 09:55 PM EDT,0
05/30/2023 10:00 PM EDT,0
05/30/2023 10:05 PM EDT,0
05/30/2023 10:10 PM EDT,0
05/30/2023 10:15 PM EDT,0
05/30/2023 10:20 PM EDT,0
05/30/2023 10:25 PM EDT,0
05/30/2023 10:30 PM EDT,0
05/30/2023 10:35 PM EDT,0
05/30/2023 10:40 PM EDT,0
05/30/2023 10:45 PM EDT,0
05/30/2023 10:50 PM EDT,0
05/30/2023 10:55 PM EDT,0
05/30/2023 11:00 PM EDT,0
05/30/2023 11:05 PM EDT,0
05/30/2023 11:10 PM EDT,0
05/30/2023 11:15 PM EDT,0
05/30/2023 11:20 PM EDT,0
05/30/2023 11:25 PM EDT,0
05/30/2023 11:30 PM EDT,0
05/30/2023 11:35 PM EDT,0
05/30/2023 11:40 PM EDT,0
05/30/2023 11:45 PM EDT,0
05/30/2023 11:50 PM EDT,0
05/30/2023 11:55 PM EDT,0
05/31/2023 12:00 AM EDT,0
05/31/2023 12:05 AM EDT,0
05/31/2023 12:10 AM EDT,0
05/31/2023 12:15 AM EDT,0
05/31/2023 12:20 AM EDT,0
05/31/2023 12:25 AM EDT,0
05/31/2023 12:30 AM EDT,0
05/31/2023 12:35 AM EDT,0
05/31/2023 12:40 AM EDT,0
05/31/2023 12:45 AM EDT,0
05/31/2023 12:50 AM EDT,0
05/31/2023 12:55 AM EDT,0
05/31/2023 01:00 AM EDT,0
05/31/2023 01:05 AM EDT,0
05/31/2023 01:10 AM EDT,0
05/31/2023 01:15 AM EDT,0
05/31/2023 01:20 AM EDT,0
05/31/2023 01:25 AM EDT,0
05/31/2023 01:30 AM EDT,0
05/31/2023 01:35 AM EDT,0
05/31/2023 01:40 AM EDT,0
05/31/2023 01:45 AM EDT,0
05/31/2023 01:50 AM EDT,0
05/31/2023 01:55 AM EDT,0
05/31/2023 02:00 AM EDT,0
05/31/2023 02:05 AM EDT,0
05/31/2023 02:10 AM EDT,0
05/31/2023 02:15 AM EDT,0
05/31/2023 02:20 AM EDT,0
05/31/2023 02:25 AM EDT,0
05/31/2023 02:30 AM EDT,0
05/31/2023 02:35 AM EDT,0
05/31/2023 02:40 AM EDT,0
05/31/2023 02:45 AM EDT,0
05/31/2023 02:50 AM EDT,0
05/31/2023 02:55 AM EDT,0
05/31/2023 03:00 AM EDT,0
05/31/2023 03:05 AM EDT,0
05/31/2023 03:10 AM EDT,0
05/31/2023 03:15 AM EDT,0
05/31/2023 03:20 AM EDT,0
05/31/2023 03:25 AM EDT,0
05/31/2023 03:30 AM EDT,0
05/31/2023 03:35 AM EDT,0
05/31/2023 03:40 AM EDT,0
05/31/2023 03:45 AM EDT,0
05/31/2023 03:50 AM EDT,0
05/31/2023 03:55 AM EDT,0
05/31/2023 04:00 AM EDT,0
05/31/2023 04:05 AM EDT,0
05/31/2023 04:10 AM EDT,0
05/31/2023 04:15 AM EDT,0
05/31/2023 04:20 AM EDT,0
05/31/2023 04:25 AM EDT,0
05/31/2023 04:30 AM EDT,0
05/31/2023 04:35 AM EDT,0
05/31/2023 04:40 AM EDT,0
05/31/2023 04:45 AM EDT,0
05/31/2023 04:50 AM EDT,0
05/31/2023 04:55 AM EDT,0
05/31/2023 05:00 AM EDT,0
05/31/2023 05:05 AM EDT,0
05/31/2023 05:10 AM EDT,0
05/31/2023 05:15 AM EDT,0
05/31/2023 05:20 AM EDT,0
05/31/2023 05:25 AM EDT,0
05/31/2023 05:30 AM EDT,0
05/31/2023 05:35 AM EDT,0
05/31/2023 05:40 AM EDT,0
05/31/2023 05:45 AM EDT,0
05/31/2023 05:50 AM EDT,0
05/31/2023 05:55 AM EDT,0
05/31/2023 06:00 AM EDT,0
05/31/2023 06:05 AM EDT,0
05/31/2023 06:10 AM EDT,0
05/31/2023 06:15 AM EDT,0
05/31/2023 06:20 AM EDT,0
05/31/2023 06:25 AM EDT,0
05/31/2023 06:30 AM EDT,0
05/31/2023 06:35 AM EDT,4
05/31/2023 06:40 AM EDT,11
05/31/2023 06:45 AM EDT,18
05/31/2023 06:50 AM EDT,36
05/31/2023 06:55 AM EDT,58
05/31/2023 07:00 AM EDT,81
05/31/2023 07:05 AM EDT,81
05/31/2023 07:10 AM EDT,103
05/31/2023 07:15 AM EDT,115
05/31/2023 07:20 AM EDT,149
05/31/2023 07:25 AM EDT,191
05/31/2023 07:30 AM EDT,145
05/31/2023 07:35 AM EDT,138
05/31/2023 07:40 AM EDT,128
05/31/2023 07:45 AM EDT,117
05/31/2023 07:50 AM EDT,172
05/31/2023 07:55 AM EDT,218
05/31/2023 08:00 AM EDT,199
05/31/2023 08:05 AM EDT,191
05/31/2023 08:10 AM EDT,193
05/31/2023 08:15 AM EDT,225
05/31/2023 08:20 AM EDT,172
05/31/2023 08:25 AM EDT,172
05/31/2023 08:30 AM EDT,240
05/31/2023 08:35 AM EDT,379
05/31/2023 08:40 AM EDT,448
05/31/2023 08:45 AM EDT,462
05/31/2023 08:50 AM EDT,410
05/31/2023 08:55 AM EDT,554
05/31/2023 09:00 AM EDT,860
05/31/2023 09:05 AM EDT,877
05/31/2023 09:10 AM EDT,725
05/31/2023 09:15 AM EDT,783
05/31/2023 09:20 AM EDT,"1,061"
05/31/2023 09:25 AM EDT,"1,054"
05/31/2023 09:30 AM EDT,818
05/31/2023 09:35 AM EDT,827
05/31/2023 09:40 AM EDT,"1,049"
05/31/2023 09:45 AM EDT,"1,287"
05/31/2023 09:50 AM EDT,"1,489"
05/31/2023 09:55 AM EDT,"1,387"
05/31/2023 10:00 AM EDT,"1,334"
05/31/2023 10:05 AM EDT,"1,238"
05/31/2023 10:10 AM EDT,"1,178"
05/31/2023 10:15 AM EDT,"1,620"
05/31/2023 10:20 AM EDT,"2,287"
05/31/2023 10:25 AM EDT,"2,183"
05/31/2023 10:30 AM EDT,"1,492"
05/31/2023 10:35 AM EDT,"2,234"
05/31/2023 10:40 AM EDT,"2,426"
05/31/2023 10:45 AM EDT,"1,323"
05/31/2023 10:50 AM EDT,"2,021"
05/31/2023 10:55 AM EDT,"3,798"
05/31/2023 11:00 AM EDT,"3,706"
05/31/2023 11:05 AM EDT,"2,857"
05/31/2023 11:10 AM EDT,"2,125"
05/31/2023 11:15 AM EDT,"1,735"
05/31/2023 11:20 AM EDT,"1,934"
05/31/2023 11:25 AM EDT,"2,326"
05/31/2023 11:30 AM EDT,"2,648"
05/31/2023 11:35 AM EDT,"3,226"
05/31/2023 11:40 AM EDT,"2,094"
05/31/2023 11:45 AM EDT,"2,074"
05/31/2023 11:50 AM EDT,"3,242"
05/31/2023 11:55 AM EDT,"4,577"
05/31/2023 12:00 PM EDT,"3,175"
05/31/2023 12:05 PM EDT,"4,464"
05/31/2023 12:10 PM EDT,"4,024"
05/31/2023 12:15 PM EDT,"4,630"
05/31/2023 12:20 PM EDT,"5,134"
05/31/2023 12:25 PM EDT,"4,819"
05/31/2023 12:30 PM EDT,"4,616"
05/31/2023 12:35 PM EDT,"3,226"
05/31/2023 12:40 PM EDT,"2,429"
05/31/2023 12:45 PM EDT,"4,388"
05/31/2023 12:50 PM EDT,"4,043"
05/31/2023 12:55 PM EDT,"4,346"
05/31/2023 01:00 PM EDT,"3,494"
05/31/2023 01:05 PM EDT,"2,876"
05/31/2023 01:10 PM EDT,"3,949"
05/31/2023 01:15 PM EDT,"4,150"
05/31/2023 01:20 PM EDT,"2,311"
05/31/2023 01:25 PM EDT,"2,471"
05/31/2023 01:30 PM EDT,"3,238"
05/31/2023 01:35 PM EDT,"3,964"
05/31/2023 01:40 PM EDT,"4,031"
05/31/2023 01:45 PM EDT,"3,748"
05/31/2023 01:50 PM EDT,"4,293"
05/31/2023 01:55 PM EDT,"3,393"
05/31/2023 02:00 PM EDT,"4,366"
05/31/2023 02:05 PM EDT,"4,356"
05/31/2023 02:10 PM EDT,"2,819"
05/31/2023 02:15 PM EDT,"2,879"
05/31/2023 02:20 PM EDT,"4,288"
05/31/2023 02:25 PM EDT,"4,106"
05/31/2023 02:30 PM EDT,"2,746"
05/31/2023 02:35 PM EDT,"3,444"
05/31/2023 02:40 PM EDT,"2,398"
05/31/2023 02:45 PM EDT,"2,600"
05/31/2023 02:50 PM EDT,"3,757"
05/31/2023 02:55 PM EDT,"3,368"
05/31/2023 03:00 PM EDT,"2,351"
05/31/2023 03:05 PM EDT,"2,596"
05/31/2023 03:10 PM EDT,"3,532"
05/31/2023 03:15 PM EDT,"2,700"
05/31/2023 03:20 PM EDT,"4,138"
05/31/2023 03:25 PM EDT,"4,812"
05/31/2023 03:30 PM EDT,"2,551"
05/31/2023 03:35 PM EDT,"1,015"
05/31/2023 03:40 PM EDT,"2,313"
05/31/2023 03:45 PM EDT,"4,003"
05/31/2023 03:50 PM EDT,"4,015"
05/31/2023 03:55 PM EDT,"3,184"
05/31/2023 04:00 PM EDT,"3,693"
05/31/2023 04:05 PM EDT,"3,581"
05/31/2023 04:10 PM EDT,"4,008"
05/31/2023 04:15 PM EDT,"3,815"
05/31/2023 04:20 PM EDT,"3,440"
05/31/2023 04:25 PM EDT,"3,387"
05/31/2023 04:30 PM EDT,"3,474"
05/31/2023 04:35 PM EDT,"3,388"
05/31/2023 04:40 PM EDT,"3,238"
05/31/2023 04:45 PM EDT,"3,156"
05/31/2023 04:50 PM EDT,"2,023"
05/31/2023 04:55 PM EDT,"1,438"
05/31/2023 05:00 PM EDT,"2,674"
05/31/2023 05:05 PM EDT,"2,590"
05/31/2023 05:10 PM EDT,"1,669"
05/31/2023 05:15 PM EDT,"1,728"
05/31/2023 05:20 PM EDT,"2,293"
05/31/2023 05:25 PM EDT,"2,255"
05/31/2023 05:30 PM EDT,"2,122"
05/31/2023 05:35 PM EDT,"1,877"
05/31/2023 05:40 PM EDT,"1,792"
05/31/2023 05:45 PM EDT,"1,280"
05/31/2023 05:50 PM EDT,851
05/31/2023 05:55 PM EDT,937
05/31/2023 06:00 PM EDT,"1,028"
05/31/2023 06:05 PM EDT,979
05/31/2023 06:10 PM EDT,852
05/31/2023 06:15 PM EDT,910
05/31/2023 06:20 PM EDT,943
05/31/2023 06:25 PM EDT,757
05/31/2023 06:30 PM EDT,604
05/31/2023 06:35 PM EDT,501
05/31/2023 06:40 PM EDT,333
05/31/2023 06:45 PM EDT,303
05/31/2023 06:50 PM EDT,350
05/31/2023 06:55 PM EDT,378
05/31/2023 07:00 PM EDT,419
05/31/2023 07:05 PM EDT,503
05/31/2023 07:10 PM EDT,463
05/31/2023 07:15 PM EDT,346
05/31/2023 07:20 PM EDT,244
05/31/2023 07:25 PM EDT,182
05/31/2023 07:30 PM EDT,144
05/31/2023 07:35 PM EDT,131
05/31/2023 07:40 PM EDT,137
05/31/2023 07:45 PM EDT,141
05/31/2023 07:50 PM EDT,115
05/31/2023 07:55 PM EDT,91
05/31/2023 08:00 PM EDT,76
05/31/2023 08:05 PM EDT,71
05/31/2023 08:10 PM EDT,47
05/31/2023 08:15 PM EDT,23
05/31/2023 08:20 PM EDT,17
05/31/2023 08:25 PM EDT,17
05/31/2023 08:30 PM EDT,14
05/31/2023 08:35 PM EDT,4
05/31/2023 08:40 PM EDT,0
05/31/2023 08:45 PM EDT,0
05/31/2023 08:50 PM EDT,0
05/31/2023 08:55 PM EDT,0
05/31/2023 09:00 PM EDT,0
05/31/2023 09:05 PM EDT,0
05/31/2023 09:10 PM EDT,0
05/31/2023 09:15 PM EDT,0
05/31/2023 09:20 PM EDT,0
05/31/2023 09:25 PM EDT,0
05/31/2023 09:30 PM EDT,0
05/31/2023 09:35 PM EDT,0
05/31/2023 09:40 PM EDT,0
05/31/2023 09:45 PM EDT,0
05/31/2023 09:50 PM EDT,0
05/31/2023 09:55 PM EDT,0
05/31/2023 10:00 PM EDT,0
05/31/2023 10:05 PM EDT,0
05/31/2023 10:10 PM EDT,0
05/31/2023 10:15 PM EDT,0
05/31/2023 10:20 PM EDT,0
05/31/2023 10:25 PM EDT,0
05/31/2023 10:30 PM EDT,0
05/31/2023 10:35 PM EDT,0
05/31/2023 10:40 PM EDT,0
05/31/2023 10:45 PM EDT,0
05/31/2023 10:50 PM EDT,0
05/31/2023 10:55 PM EDT,0
05/31/2023 11:00 PM EDT,0
05/31/2023 11:05 PM EDT,0
05/31/2023 11:10 PM EDT,0
05/31/2023 11:15 PM EDT,0
05/31/2023 11:20 PM EDT,0
05/31/2023 11:25 PM EDT,0
05/31/2023 11:30 PM EDT,0
05/31/2023 11:35 PM EDT,0
05/31/2023 11:40 PM EDT,0
05/31/2023 11:45 PM EDT,0
05/31/2023 11:50 PM EDT,0
05/31/2023 11:55 PM EDT,0
06/01/2023 12:00 AM EDT,0
