Date/Time,Energy Produced (Wh)
03/06/2023,0
03/07/2023,0
03/08/2023,0
03/09/2023,0
03/10/2023,0
03/11/2023,0
03/12/2023,0
03/13/2023,0
03/14/2023,0
03/15/2023,0
03/16/2023,0
03/17/2023,"5,050"
03/18/2023,0
03/19/2023,0
03/20/2023,0
03/21/2023,0
03/22/2023,"1,534"
03/23/2023,"26,771"
03/24/2023,"26,861"
03/25/2023,"13,403"
03/26/2023,"7,476"
03/27/2023,"13,123"
03/28/2023,"23,550"
03/29/2023,"23,258"
03/30/2023,"31,087"
03/31/2023,"11,242"
04/01/2023,"13,554"
04/02/2023,"32,166"
04/03/2023,"21,621"
04/04/2023,"31,050"
04/05/2023,"23,248"
04/06/2023,"22,174"
04/07/2023,922
04/08/2023,"3,491"
04/09/2023,"34,363"
04/10/2023,"34,274"
04/11/2023,"33,947"
04/12/2023,"33,716"
04/13/2023,"33,404"
04/14/2023,"15,122"
04/15/2023,"22,215"
04/16/2023,"14,113"
Total,"552,735"
